file,page_num,Clear,Trash,Noisy,Empty,Non-text
CTX201100541,1,0,7,8,0,0
CTX201100541,2,0,16,17,0,15
CTX201100541,3,0,7,27,0,2
CTX201100541,4,0,5,30,0,1
CTX201100541,5,0,6,29,0,1
CTX201100541,6,1,6,29,0,1
CTX201100541,7,0,9,26,0,1
CTX201100541,8,0,6,29,0,2
CTX201100541,9,0,4,29,0,1
CTX201100541,10,0,4,27,0,1
CTX201100541,11,0,10,25,0,1
CTX201100541,12,0,6,29,0,1
CTX201100541,13,0,4,31,0,1
CTX201100541,14,0,9,36,0,3
CTX201100541,15,0,11,39,0,1
CTX201100541,16,1,8,38,0,4
CTX201100541,17,2,6,41,0,3
CTX201100541,18,1,12,44,0,1
CTX201100541,19,3,7,45,0,4
CTX201100541,20,0,6,44,0,1
CTX201100541,21,0,9,25,0,4
CTX201100541,22,2,11,19,0,1
CTX201100541,23,0,7,28,0,1
CTX201100541,24,0,4,31,0,1
CTX201100541,25,0,4,31,0,1
CTX201100541,26,0,6,29,0,1
CTX201100541,27,0,5,30,0,1
CTX201100541,28,1,5,29,0,1
CTX201100541,29,0,8,26,0,1
CTX201100541,30,0,5,29,0,1
CTX201100541,31,0,4,30,0,1
CTX201100541,32,0,8,24,0,1
CTX201100541,33,0,6,29,0,1
CTX201100541,34,0,4,29,0,1
CTX201100541,35,0,6,29,0,1
CTX201100541,36,2,7,25,0,1
CTX201100541,37,1,3,29,0,2
CTX201100541,38,0,4,31,0,1
CTX201100541,39,0,10,24,0,1
CTX201100541,40,1,7,26,0,1
CTX201100541,41,0,7,27,0,1
CTX201100541,42,0,8,27,0,1
CTX201100541,43,1,4,28,0,1
CTX201100541,44,0,14,22,0,1
CTX201100541,45,0,4,29,0,2
CTX201100541,46,0,6,27,0,1
CTX201100541,47,2,5,29,0,1
CTX201100541,48,2,4,29,0,1
CTX201100541,49,0,5,29,0,1
CTX201100541,50,2,3,31,0,1
CTX201100541,51,0,4,31,0,1
CTX201100541,52,0,3,31,0,2
CTX201100541,53,1,0,36,0,1
CTX201100541,54,0,3,30,0,3
CTX201100541,55,4,6,23,0,3
CTX201100541,56,1,3,33,0,1
CTX201100541,57,0,5,29,0,2
CTX201100541,58,0,3,32,0,1
CTX201100541,59,0,6,29,0,1
CTX201100541,60,0,0,36,0,1
CTX201100541,61,1,3,33,0,1
CTX201100541,62,1,5,31,0,1
CTX201100541,63,2,3,30,0,1
CTX201100541,64,0,8,27,0,1
CTX201100541,65,2,5,28,0,1
CTX201100541,66,1,7,24,0,1
CTX201100541,67,1,13,21,0,6
CTX201100541,68,0,6,28,0,12
CTX201100541,69,0,7,33,0,2
CTX201100541,70,0,17,17,0,2
CTX201100541,71,0,34,6,0,6
CTX201100541,72,0,29,13,0,2
CTX201100541,73,0,31,12,0,1
CTX201100541,74,0,28,17,0,1
CTX201100541,75,0,13,35,0,1
CTX201100541,76,0,6,16,0,1
CTX201100541,77,0,3,3,0,0
CTX201100541,78,0,6,2,0,0
CTX201100541,79,0,18,30,0,1
CTX201100541,80,2,10,37,0,1
CTX201100541,81,2,14,33,0,1
CTX201100541,82,1,13,35,0,1
CTX201100541,83,1,7,34,0,1
CTX201100541,84,1,14,16,0,112
CTX201100541,85,1,11,11,0,134
CTX201100541,86,1,22,9,0,1
CTX201100541,87,0,21,10,0,1
CTX201100541,88,1,22,8,0,1
CTX201100541,89,1,16,17,0,1
CTX201100541,90,2,14,16,0,1
CTX201100541,91,0,20,15,0,1
CTX201100541,92,0,24,12,0,1
CTX201100541,93,0,12,3,0,1
CTX201100541,94,0,21,6,0,1
CTX201100541,95,0,5,6,0,1
CTX201100541,96,0,3,0,0,1
CTX201100541,97,0,3,0,0,1
CTX201100541,98,0,2,0,0,1
CTX201100541,99,0,2,1,0,1
CTX201100541,100,0,1,1,0,1
CTX201100541,101,0,2,0,0,1
CTX201100541,102,0,2,1,0,1
CTX201100541,103,0,1,1,0,2
CTX201100541,104,0,2,1,0,1
CTX201100541,105,0,2,0,0,1
CTX201100541,106,0,1,1,0,1
CTX201100541,107,0,1,1,0,1
CTX201100541,108,0,1,2,0,1
CTX201100541,109,0,1,1,0,1
CTX201100541,110,0,2,2,0,1
CTX201100541,111,0,2,1,0,1
CTX201100541,112,0,51,17,0,4
CTX201100541,113,0,12,8,0,1
CTX201100541,114,0,9,12,0,1
CTX201100541,115,0,13,26,0,1
CTX201100541,116,0,13,30,0,1
CTX201100541,117,1,7,38,0,1
CTX201100541,118,0,5,34,0,1
CTX201100541,119,0,11,29,0,1
CTX201100541,120,0,25,22,0,2
CTX201100541,121,1,18,24,0,1
CTX201100541,122,0,2,2,0,0
CTX201100541,123,0,30,15,0,62
CTX201100541,124,0,24,4,0,3
CTX201100541,125,0,59,22,0,20
CTX201100541,126,1,59,27,0,16
CTX201100541,127,2,38,11,0,11
CTX201100541,128,0,30,19,0,7
CTX201100541,129,0,47,21,0,40
CTX201100541,130,3,33,16,0,20
CTX201100541,131,0,12,8,0,1
CTX201100541,132,0,13,18,0,1
CTX201100541,133,0,13,30,0,1
CTX201100541,134,0,19,26,0,1
CTX201100541,135,1,7,37,0,1
CTX201100541,136,1,20,20,0,1
CTX201100541,137,0,33,38,0,32
CTX201100541,138,0,12,37,0,1
CTX201100541,139,1,29,39,0,18
CTX201100541,140,0,42,33,0,37
CTX201100541,141,0,18,35,0,1
CTX201100541,142,1,11,30,0,1
CTX201100541,143,0,16,17,0,1
CTX201100541,144,0,2,2,0,0
CTX201100541,145,0,15,12,0,17
CTX201100541,146,0,40,20,0,24
CTX201100541,147,0,2,0,0,0
CTX201100541,148,0,63,26,0,29
CTX201100541,149,1,34,21,0,13
CTX201100541,150,0,1,0,0,0
CTX201100541,151,0,1,0,0,0
CTX201100541,152,3,15,14,0,2
CTX201100541,153,5,27,23,0,22
CTX201100541,154,7,24,24,0,33
CTX201100541,155,2,11,27,0,7
CTX201100541,156,4,20,20,0,13
CTX201100541,157,4,31,32,0,22
CTX201100541,158,3,21,16,0,12
CTX201100541,159,2,16,28,0,13
CTX201100541,160,3,18,25,0,10
CTX201100541,161,5,15,26,0,16
CTX201100541,162,1,15,16,0,7
CTX201100541,163,2,29,18,0,33
CTX201100541,164,6,28,22,0,46
CTX201100541,165,3,28,25,0,13
CTX201100541,166,6,26,31,0,20
CTX201100541,167,4,19,31,0,16
CTX201100541,168,2,18,14,0,14
CTX201100541,169,1,45,14,0,6
CTX201100541,170,0,52,19,0,22
CTX201100541,171,0,50,22,0,34
CTX201100541,172,3,32,17,0,20
CTX201100541,173,0,22,14,0,1
CTX201100541,174,0,17,6,0,7
CTX201100541,175,3,22,7,0,19
CTX201100541,176,2,29,6,0,25
CTX201100541,177,2,23,10,0,25
CTX201100541,178,2,24,9,0,26
CTX201100541,179,0,11,3,0,7
CTX201100541,180,0,1,2,0,0
CTX201100541,181,0,3,0,0,0
CTX201100541,182,0,9,6,0,9
CTX201100541,183,0,20,3,0,0
CTX201100541,184,0,1,4,0,3
CTX201100541,185,0,4,0,0,0
CTX201100541,186,0,2,2,0,1
CTX201100541,187,0,1,1,0,1
CTX201100541,188,0,1,2,0,1
CTX201100541,189,0,3,0,0,0
CTX201100541,190,0,2,1,0,0
CTX201100541,191,0,2,0,0,0
CTX201100541,192,0,3,1,0,0
CTX201100541,193,0,2,2,0,0
CTX201100541,194,0,4,0,0,0
CTX201100541,195,0,5,0,0,0
CTX201100541,196,0,4,0,0,0
CTX201100541,197,0,3,1,0,3
CTX201100541,198,0,8,2,0,0
CTX201100541,199,0,2,0,0,0
CTX201100541,200,0,2,1,0,0
CTX201100541,201,0,9,3,0,4
CTX201100541,202,0,5,5,0,0
CTX201100541,203,0,3,0,0,0
CTX201100541,204,0,2,0,0,0
CTX201100541,205,0,3,0,0,1
CTX201100541,206,0,3,1,0,0
CTX201100541,207,0,9,0,0,0
CTX201100541,208,0,2,2,0,0
CTX201100541,209,0,3,1,0,0
CTX201100541,210,0,1,0,0,0
CTX201100541,211,0,3,0,0,0
CTX201100541,212,0,3,0,0,0
CTX201100541,213,0,3,1,0,0
CTX201100541,214,0,4,2,0,0
CTX201100541,215,0,1,4,0,1
CTX201100541,216,0,15,0,0,0
CTX201100541,217,0,2,0,0,0
CTX201100541,218,0,2,0,0,0
CTX201100541,219,0,3,0,0,0
CTX201100541,220,0,2,2,0,0
CTX201100541,221,0,1,2,0,0
CTX201100541,222,0,6,1,0,2
CTX201100541,223,0,12,2,0,0
CTX201100541,224,0,5,3,0,1
CTX201100541,225,0,9,2,0,0
CTX201100541,226,0,10,4,0,0
CTX201100541,227,0,5,10,0,0
CTX201100541,228,1,8,7,0,0
CTX201100541,229,0,6,13,0,2
CTX201100541,230,0,10,6,0,0
CTX201100541,231,0,10,8,0,2
CTX201100541,232,0,10,9,0,2
CTX201100541,233,0,2,1,0,0
CTX201100541,234,0,101,2,0,571
CTX201100541,238,0,11,4,0,7
CTX201100541,239,0,11,4,0,8
CTX201100541,240,0,11,4,0,7
CTX201100541,241,0,12,4,0,7
CTX201100541,243,0,13,6,0,42
CTX201100541,244,0,13,6,0,38
CTX201100541,246,0,13,5,0,14
CTX201100541,247,0,11,6,0,13
CTX201100541,248,0,12,5,0,14
CTX201100541,249,0,9,4,0,12
CTX201100541,250,0,12,6,0,62
CTX201100541,251,0,13,6,0,64
CTX201100541,252,0,10,8,0,29
CTX201100541,253,0,9,4,0,9
CTX201100541,254,0,9,4,0,10
CTX201100541,255,0,9,4,0,9
CTX201100541,256,0,10,5,0,8
CTX201100541,257,0,9,4,0,8
CTX201100541,258,0,9,4,0,9
CTX201100541,259,0,9,4,0,9
CTX201100541,260,0,9,4,0,6
CTX201100541,261,0,9,4,0,10
CTX201100541,262,0,9,4,0,11
CTX201100541,263,0,9,4,0,11
CTX201100541,264,0,10,4,0,8
CTX201100541,265,0,10,4,0,8
CTX201100541,266,0,9,4,0,11
CTX201100541,267,0,9,4,0,12
CTX201100541,269,0,11,5,0,17
CTX201100541,270,0,12,4,0,16
CTX201100541,271,0,11,4,0,19
CTX201100541,272,0,8,5,0,15
CTX201100541,273,0,13,10,0,283
CTX201100541,274,0,11,6,0,67
CTX201100541,275,0,12,6,0,35
CTX201100541,276,0,25,10,0,385
CTX201100541,277,0,17,10,0,363
CTX201100541,278,0,13,10,0,223
CTX201100541,279,0,11,6,0,133
CTX201100541,280,0,11,6,0,51
CTX201100541,281,0,9,4,0,14
CTX201100541,282,0,8,5,0,14
CTX201100541,283,0,10,4,0,15
CTX201100541,284,0,8,5,0,14
CTX201100541,285,0,9,4,0,14
CTX201100541,286,0,9,8,0,49
CTX201100541,287,0,9,8,0,73
CTX201100541,288,0,13,10,0,155
CTX201100541,289,0,17,18,0,279
CTX201100541,290,0,10,13,0,53
CTX201100541,291,0,13,13,0,44
CTX201100541,292,0,10,12,0,83
CTX201100541,294,0,7,6,0,7
CTX201100541,295,0,7,6,0,7
CTX201100541,296,0,6,8,0,12
CTX201100541,297,0,7,6,0,16
CTX201100541,298,0,8,5,0,12
CTX201100541,299,0,6,7,0,12
CTX201100541,300,0,8,5,0,19
CTX201100541,303,0,11,6,0,29
CTX201100541,306,0,11,6,0,37
CTX201100541,307,0,9,4,0,14
CTX201100541,308,0,9,4,0,12
CTX201100541,309,0,8,5,0,14
CTX201100541,310,0,8,5,0,12
CTX201100541,311,0,12,6,0,69
CTX201100541,312,0,16,9,0,51
CTX201100541,313,0,16,9,0,50
CTX201100541,314,0,21,8,0,88
CTX201100541,315,0,19,6,0,82
CTX201100541,316,0,12,6,0,7
CTX201100541,317,0,10,6,0,13
CTX201100541,318,0,11,5,0,13
CTX201100541,319,0,10,6,0,14
CTX201100541,320,0,11,5,0,18
CTX201100541,321,0,11,6,0,66
CTX201100541,322,0,11,6,0,24
CTX201100541,323,0,9,4,0,7
CTX201100541,324,0,7,6,0,8
CTX201100541,325,0,8,6,0,8
CTX201100541,326,0,11,7,0,35
CTX201100541,327,0,11,6,0,31
CTX201100541,328,0,11,6,0,32
CTX201100541,329,2,14,12,0,13
CTX201100541,330,0,12,6,0,33
CTX201100541,331,0,11,6,0,39
CTX201100541,332,0,11,7,0,65
CTX201100541,333,0,11,7,0,60
CTX201100541,334,0,10,8,0,38
CTX201100541,335,0,11,7,0,34
CTX201100541,336,0,9,5,0,10
CTX201100541,337,0,8,5,0,15
CTX201100541,338,0,9,4,0,14
CTX201100541,339,0,8,5,0,10
CTX201100541,340,0,9,4,0,12
CTX201100541,341,0,8,5,0,14
CTX201100541,342,0,9,4,0,12
CTX201100541,343,0,9,4,0,14
CTX201100541,344,0,8,5,0,12
CTX201100541,345,0,11,6,0,41
CTX201100541,346,0,9,4,0,8
CTX201100541,347,0,15,6,0,45
CTX201100541,348,0,15,6,0,45
CTX201100541,349,0,11,6,0,37
CTX201100541,350,0,16,6,0,41
CTX201100541,351,0,11,6,0,31
CTX201100541,352,0,14,9,0,76
CTX201100541,353,0,9,4,0,8
CTX201100541,354,0,12,6,0,69
CTX201100541,355,0,11,6,0,29
CTX201100541,356,0,11,6,0,43
CTX201100541,357,0,11,6,0,33
CTX201100541,358,0,9,4,0,9
CTX201100541,359,0,9,4,0,10
CTX201100541,360,0,9,4,0,8
CTX201100541,361,0,9,4,0,8
CTX201100541,362,0,9,4,0,9
CTX201100541,363,0,9,4,0,9
CTX201100541,364,0,10,4,0,8
CTX201100541,365,0,9,4,0,9
CTX201100541,366,0,9,4,0,8
CTX201100541,367,0,9,4,0,7
CTX201100541,368,0,11,6,0,46
CTX201100541,369,0,11,6,0,47
CTX201100541,371,0,8,5,0,12
CTX201100541,372,0,8,5,0,14
CTX201100541,373,0,9,4,0,12
CTX201100541,374,0,9,4,0,13
CTX201100541,375,0,9,4,0,15
CTX201100541,376,0,8,5,0,6
CTX201100541,377,0,10,7,0,46
CTX201100541,378,0,11,8,0,31
CTX201100541,379,0,15,6,0,29
CTX201100541,380,0,15,6,0,29
CTX201100541,381,0,11,6,0,25
CTX201100541,382,0,9,4,0,10
CTX201100541,383,0,9,4,0,9
CTX201100541,384,0,9,4,0,8
CTX201100541,385,0,7,6,0,15
CTX201100541,386,0,10,5,0,13
CTX201100541,387,0,7,6,0,12
CTX201100541,389,0,2,0,0,0
CTX201100541,390,0,9,4,0,8
CTX201100541,391,0,13,6,0,48
CTX201100541,392,0,11,8,0,52
CTX201100541,393,0,14,7,0,42
CTX201100541,394,0,13,6,0,52
CTX201100541,396,0,8,6,0,7
CTX201100541,398,0,11,8,0,44
CTX201100541,399,0,11,8,0,40
CTX201100541,400,0,7,7,0,9
CTX201100541,401,0,9,6,0,11
CTX201100541,402,0,7,7,0,11
CTX201100541,403,0,7,6,0,10
CTX201100541,404,0,13,6,0,50
CTX201100541,405,0,18,6,0,86
CTX201100541,406,0,11,8,0,42
CTX201100541,407,0,11,8,0,28
CTX201100541,408,0,18,7,0,38
CTX201100541,409,0,13,6,0,44
CTX201100541,410,0,9,4,0,8
CTX201100541,411,0,13,6,0,26
CTX201100541,412,0,9,4,0,7
CTX201100541,413,0,11,4,0,8
CTX201100541,414,0,11,4,0,9
CTX201100541,415,0,11,4,0,7
CTX201100541,416,0,11,4,0,7
CTX201100541,417,0,11,4,0,15
CTX201100541,418,0,8,5,0,14
CTX201100541,419,0,9,4,0,15
CTX201100541,420,0,9,6,0,17
CTX201100541,421,0,8,7,0,16
CTX201100541,423,0,4,0,0,0
CTX201100541,424,0,16,7,0,68
CTX201100541,425,0,16,8,0,48
CTX201100541,426,0,9,0,0,2
CTX201100541,427,0,17,6,0,80
CTX201100541,428,0,9,8,0,36
CTX201100541,429,0,16,6,0,68
CTX201100541,430,0,13,6,0,82
CTX201100541,433,0,9,5,0,11
CTX201100541,434,0,9,4,0,8
CTX201100541,435,0,9,4,0,7
CTX201100541,436,0,9,4,0,8
CTX201100541,437,0,9,4,0,9
CTX201100541,438,0,9,4,0,10
CTX201100541,439,0,9,4,0,9
CTX201100541,440,0,11,4,0,8
CTX201100541,441,0,11,4,0,9
CTX201100541,442,0,11,4,0,10
CTX201100541,443,0,11,4,0,7
CTX201100541,444,0,11,4,0,7
CTX201100541,445,0,11,4,0,9
CTX201100541,446,0,11,4,0,8
CTX201100541,447,0,11,4,0,7
CTX201100541,448,0,11,4,0,10
CTX201100541,449,0,11,4,0,9
CTX201100541,450,0,11,4,0,7
CTX201100541,451,0,11,4,0,10
CTX201100541,452,0,11,4,0,7
CTX201100541,453,0,11,4,0,8
CTX201100541,454,0,11,4,0,10
CTX201100541,455,0,11,4,0,9
CTX201100541,456,0,11,4,0,9
CTX201100541,457,0,11,4,0,8
CTX201100541,458,0,11,4,0,10
CTX201100541,459,0,11,4,0,9
CTX201100541,461,0,13,6,0,52
CTX201100541,463,0,11,6,0,36
CTX201100541,464,0,11,6,0,30
CTX201100541,465,0,14,6,0,15
CTX201100541,466,0,15,5,0,15
CTX201100541,467,0,13,6,0,14
CTX201100541,468,0,14,5,0,15
CTX201100541,469,0,15,11,0,260
CTX201100541,470,0,19,8,0,209
CTX201100541,471,0,21,9,0,258
CTX201100541,472,0,14,6,0,212
CTX201100541,473,0,13,8,0,108
CTX201100541,474,0,10,7,0,46
CTX201100541,475,0,10,5,0,7
CTX201100541,476,0,10,5,0,9
CTX201100541,477,0,10,5,0,8
CTX201100541,478,0,12,6,0,35
CTX201100541,479,0,10,5,0,13
CTX201100541,480,0,11,4,0,18
CTX201100541,481,0,8,5,0,13
CTX201100541,482,0,9,4,0,18
CTX201100541,483,0,13,12,0,298
CTX201100541,484,0,11,10,0,215
CTX201100541,485,0,12,10,0,183
CTX201100541,486,0,9,8,0,121
CTX201100541,487,0,10,8,0,52
CTX201100541,488,0,11,10,0,175
CTX201100541,489,0,10,8,0,137
CTX201100541,490,0,12,9,0,128
CTX201100541,491,0,10,8,0,34
CTX201100541,492,0,11,6,0,114
CTX201100541,493,0,9,8,0,75
CTX201100541,494,0,7,6,0,8
CTX201100541,495,0,7,6,0,7
CTX201100541,496,0,7,6,0,7
CTX201100541,497,0,7,6,0,9
CTX201100541,498,0,7,6,0,7
CTX201100541,499,0,7,6,0,7
CTX201100541,500,0,7,6,0,7
CTX201100541,501,0,7,6,0,8
CTX201100541,502,0,12,6,0,53
CTX201100541,503,0,10,8,0,67
CTX201100541,504,0,10,7,0,18
CTX201100541,505,0,10,5,0,15
CTX201100541,506,0,9,4,0,15
CTX201100541,507,0,11,4,0,15
CTX201100541,508,0,10,5,0,17
CTX201100541,509,0,10,6,0,16
CTX201100541,510,0,10,6,0,17
CTX201100541,511,0,2,1,0,0
CTX201100541,512,0,63,14,0,17
CTX201100541,513,0,24,4,0,5
CTX201100541,514,1,64,13,0,19
CTX201100541,515,0,24,6,0,4
CTX201100541,516,1,69,13,0,21
CTX201100541,517,0,26,5,0,3
CTX201100541,518,0,69,14,0,23
CTX201100541,519,0,24,5,0,5
CTX201100541,520,0,69,14,0,21
CTX201100541,521,0,24,6,0,4
CTX201100541,522,2,66,12,0,18
CTX201100541,523,0,24,5,0,8
CTX201100541,524,1,63,15,0,26
CTX201100541,525,0,26,7,0,3
CTX201100541,526,1,64,14,0,27
CTX201100541,527,1,23,4,0,4
CTX201100541,528,0,63,13,0,16
CTX201100541,529,0,23,4,0,6
CTX201100541,530,0,64,13,0,18
CTX201100541,531,0,23,4,0,6
CTX201100541,532,1,70,14,0,17
CTX201100541,533,0,25,6,0,3
CTX201100541,534,0,69,12,0,14
CTX201100541,535,0,24,5,0,5
CTX201100541,536,0,73,14,0,30
CTX201100541,537,0,23,4,0,6
CTX201100541,538,1,66,15,0,30
CTX201100541,539,0,24,5,0,4
CTX201100541,540,0,63,14,0,14
CTX201100541,541,0,25,4,0,5
CTX201100541,542,0,67,12,0,16
CTX201100541,543,0,25,5,0,4
CTX201100541,544,0,43,10,0,5
CTX201100541,545,1,24,5,0,4
CTX201100541,546,0,63,15,0,16
CTX201100541,547,0,24,6,0,4
CTX201100541,548,0,69,17,0,18
CTX201100541,549,0,25,5,0,4
CTX201100541,550,0,64,15,0,22
CTX201100541,551,0,25,5,0,4
CTX201100541,552,0,43,12,0,5
CTX201100541,553,1,24,5,0,3
CTX201100541,554,0,67,15,0,17
CTX201100541,555,0,23,7,0,3
CTX201100541,556,0,64,16,0,22
CTX201100541,557,1,24,4,0,5
CTX201100541,558,0,67,15,0,23
CTX201100541,559,0,24,5,0,4
CTX201100541,560,0,65,15,0,23
CTX201100541,561,0,25,4,0,5
CTX201100541,562,1,66,14,0,23
CTX201100541,563,0,23,4,0,6
CTX201100541,564,0,67,10,0,16
CTX201100541,565,0,24,4,0,5
CTX201100541,566,2,61,15,0,9
CTX201100541,567,0,25,4,0,5
CTX201100541,568,0,63,16,0,17
CTX201100541,569,0,24,4,0,5
CTX201100541,570,1,62,15,0,12
CTX201100541,571,0,25,5,0,4
CTX201100541,572,2,66,12,0,23
CTX201100541,573,0,25,4,0,5
CTX201100541,574,1,63,15,0,19
CTX201100541,575,0,24,4,0,5
CTX201100541,576,0,69,15,0,24
CTX201100541,577,1,25,5,0,3
CTX201100541,578,2,67,12,0,22
CTX201100541,579,0,25,4,0,5
CTX201100541,580,0,69,14,0,25
CTX201100541,581,0,24,5,0,4
CTX201100541,582,0,66,16,0,21
CTX201100541,583,0,25,5,0,4
CTX201100541,584,0,64,12,0,15
CTX201100541,585,0,25,5,0,4
CTX201100541,586,1,67,13,0,19
CTX201100541,587,1,24,5,0,4
CTX201100541,588,2,64,14,0,25
CTX201100541,589,0,25,5,0,4
CTX201100541,590,0,69,14,0,20
CTX201100541,591,0,24,5,0,4
CTX201100541,592,0,64,12,0,15
CTX201100541,593,0,24,4,0,5
CTX201100541,594,0,64,13,0,18
CTX201100541,595,0,24,5,0,4
CTX201100541,596,0,70,13,0,20
CTX201100541,597,0,24,5,0,4
CTX201100541,598,0,65,14,0,21
CTX201100541,599,0,25,5,0,4
CTX201100541,600,1,66,13,0,22
CTX201100541,601,0,25,5,0,4
CTX201100541,602,0,64,15,0,21
CTX201100541,603,0,25,5,0,4
CTX201100541,604,0,65,14,0,21
CTX201100541,605,0,25,5,0,4
CTX201100541,606,0,67,14,0,23
CTX201100541,607,0,25,5,0,4
CTX201100541,608,0,65,14,0,21
CTX201100541,609,0,25,6,0,3
CTX201100541,610,0,65,14,0,21
CTX201100541,611,0,25,5,0,4
CTX201100541,612,0,65,14,0,21
CTX201100541,613,0,25,5,0,4
CTX201100541,614,0,67,15,0,21
CTX201100541,615,0,25,5,0,4
CTX201100541,616,0,65,14,0,21
CTX201100541,617,0,25,5,0,4
CTX201100541,618,0,66,15,0,22
CTX201100541,619,0,25,5,0,4
CTX201100541,620,0,64,15,0,21
CTX201100541,621,0,25,5,0,4
CTX201100541,622,0,65,14,0,21
CTX201100541,623,0,25,5,0,4
CTX201100541,624,0,65,14,0,21
CTX201100541,625,0,24,5,0,5
CTX201100541,626,0,67,12,0,16
CTX201100541,627,0,25,5,0,3
CTX201100541,628,0,63,13,0,17
CTX201100541,629,0,24,5,0,5
CTX201100541,630,0,64,12,0,14
CTX201100541,631,0,24,5,0,5
CTX201100541,632,1,65,13,0,23
CTX201100541,633,0,24,5,0,4
CTX201100541,634,0,67,14,0,22
CTX201100541,635,0,25,5,0,4
CTX201100541,636,0,67,13,0,18
CTX201100541,637,0,25,5,0,4
CTX201100541,638,1,63,14,0,22
CTX201100541,639,0,24,5,0,4
CTX201100541,640,0,69,14,0,16
CTX201100541,641,1,24,5,0,4
CTX201100541,642,0,66,12,0,17
CTX201100541,643,0,24,5,0,4
CTX201100541,644,1,67,14,0,27
CTX201100541,645,0,24,6,0,4
CTX201100541,646,0,68,15,0,26
CTX201100541,647,0,24,4,0,6
CTX201100541,648,1,62,12,0,15
CTX201100541,649,0,24,4,0,5
CTX201100541,650,1,64,13,0,19
CTX201100541,651,0,25,5,0,4
CTX201100541,652,1,64,12,0,15
CTX201100541,653,0,25,4,0,5
CTX201100541,654,1,75,16,0,27
CTX201100541,655,0,23,5,0,4
CTX201100541,656,0,63,16,0,12
CTX201100541,657,0,24,4,0,6
CTX201100541,658,0,64,15,0,12
CTX201100541,659,0,23,7,0,5
CTX201100541,660,2,63,14,0,22
CTX201100541,661,0,25,5,0,4
CTX201100541,662,1,64,15,0,26
CTX201100541,663,0,25,5,0,4
CTX201100541,664,0,68,14,0,17
CTX201100541,665,0,25,5,0,4
CTX201100541,666,0,70,11,0,12
CTX201100541,667,0,23,5,0,4
CTX201100541,668,1,64,14,0,26
CTX201100541,669,0,25,5,0,4
CTX201100541,670,0,67,13,0,16
CTX201100541,671,0,25,5,0,4
CTX201100541,672,0,66,16,0,19
CTX201100541,673,0,25,5,0,4
CTX201100541,674,1,68,14,0,28
CTX201100541,675,0,25,5,0,4
CTX201100541,676,0,65,17,0,21
CTX201100541,677,0,26,5,0,3
CTX201100541,678,0,67,16,0,20
CTX201100541,679,0,26,5,0,3
CTX201100541,680,1,64,15,0,30
CTX201100541,681,0,26,5,0,5
CTX201100541,682,0,65,15,0,12
CTX201100541,683,0,25,5,0,4
CTX201100541,684,0,63,13,0,18
CTX201100541,685,0,25,5,0,4
CTX201100541,686,0,67,14,0,24
CTX201100541,687,0,25,5,0,4
CTX201100541,688,0,72,14,0,16
CTX201100541,689,0,24,4,0,5
CTX201100541,690,0,66,12,0,16
CTX201100541,691,1,24,5,0,4
CTX201100541,692,0,64,13,0,13
CTX201100541,693,0,25,5,0,4
CTX201100541,694,1,66,13,0,23
CTX201100541,695,0,25,5,0,4
CTX201100541,696,1,71,16,0,22
CTX201100541,697,0,25,7,0,4
CTX201100541,698,0,68,16,0,21
CTX201100541,699,0,25,5,0,4
CTX201100541,700,1,68,15,0,27
CTX201100541,701,0,26,5,0,3
CTX201100541,702,0,71,16,0,28
CTX201100541,703,0,25,5,0,4
CTX201100541,704,0,64,15,0,8
CTX201100541,705,0,25,5,0,4
CTX201100541,706,0,68,16,0,26
CTX201100541,707,0,25,5,0,4
CTX201100541,708,0,66,14,0,14
CTX201100541,709,0,25,6,0,3
CTX201100541,710,1,64,13,0,19
CTX201100541,711,0,24,6,0,4
CTX201100541,712,1,64,14,0,19
CTX201100541,713,0,24,5,0,5
CTX201100541,714,2,65,12,0,16
CTX201100541,715,0,24,6,0,4
CTX201100541,716,2,65,14,0,23
CTX201100541,717,0,25,5,0,4
CTX201100541,718,1,66,12,0,17
CTX201100541,719,0,24,6,0,4
CTX201100541,720,1,63,21,0,24
CTX201100541,721,0,27,6,0,4
CTX201100541,722,1,66,14,0,17
CTX201100541,723,0,25,4,0,5
CTX201100541,724,0,63,13,0,18
CTX201100541,725,0,24,4,0,6
CTX201100541,726,0,62,14,0,14
CTX201100541,727,0,26,5,0,3
CTX201100541,728,2,63,13,0,22
CTX201100541,729,0,25,5,0,4
CTX201100541,730,1,60,12,0,2
CTX201100541,731,0,24,6,0,4
CTX201100541,732,1,64,13,0,19
CTX201100541,733,0,26,5,0,3
CTX201100541,734,1,66,14,0,21
CTX201100541,735,0,26,5,0,3
CTX201100541,736,1,65,15,0,20
CTX201100541,737,0,25,6,0,3
CTX201100541,738,0,64,14,0,13
CTX201100541,739,0,26,6,0,4
CTX201100541,740,0,65,14,0,15
CTX201100541,741,0,24,6,0,4
CTX201100541,742,0,63,13,0,11
CTX201100541,743,0,23,4,0,6
CTX201100541,744,2,63,12,0,19
CTX201100541,745,0,24,5,0,8
CTX201100541,746,2,66,13,0,22
CTX201100541,747,1,25,5,0,5
CTX201100541,748,0,62,16,0,23
CTX201100541,749,0,25,6,0,3
CTX201100541,750,2,64,13,0,22
CTX201100541,751,0,26,5,0,3
CTX201100541,752,0,68,15,0,24
CTX201100541,753,0,24,5,0,4
CTX201100541,754,0,68,16,0,22
CTX201100541,755,1,24,5,0,0
CTX201100541,756,1,65,13,0,25
CTX201100541,757,0,24,5,0,6
CTX201100541,758,0,65,12,0,16
CTX201100541,759,0,24,5,0,6
CTX201100541,760,0,62,16,0,15
CTX201100541,761,0,25,5,0,4
CTX201100541,762,0,62,16,0,15
CTX201100541,763,0,25,5,0,4
CTX201100541,764,1,65,15,0,18
CTX201100541,765,0,24,6,0,4
CTX201100541,766,0,64,12,0,16
CTX201100541,767,0,24,6,0,3
CTX201100541,768,0,69,16,0,24
CTX201100541,769,0,25,5,0,4
CTX201100541,770,0,68,13,0,21
CTX201100541,771,0,25,5,0,4
CTX201100541,772,1,70,12,0,25
CTX201100541,773,0,25,5,0,4
CTX201100541,774,1,64,13,0,19
CTX201100541,775,0,24,6,0,4
CTX201100541,776,1,62,14,0,13
CTX201100541,777,0,24,5,0,5
CTX201100541,778,1,63,12,0,15
CTX201100541,779,0,24,6,0,4
CTX201100541,780,0,66,13,0,17
CTX201100541,781,0,23,7,0,4
CTX201100541,782,0,64,13,0,5
CTX201100541,783,0,24,6,0,3
CTX201100541,784,0,67,15,0,22
CTX201100541,785,0,25,5,0,3
CTX201100541,786,0,63,16,0,17
CTX201100541,787,0,24,6,0,4
CTX201100541,788,0,69,15,0,16
CTX201100541,789,0,25,5,0,4
CTX201100541,790,0,70,13,0,17
CTX201100541,791,0,25,5,0,4
CTX201100541,792,0,60,17,0,18
CTX201100541,793,0,24,4,0,5
CTX201100541,794,0,70,14,0,24
CTX201100541,795,0,24,5,0,8
CTX201100541,796,0,71,15,0,32
CTX201100541,797,0,24,4,0,5
CTX201100541,798,0,73,14,0,19
CTX201100541,799,1,24,5,0,4
CTX201100541,800,0,70,14,0,23
CTX201100541,801,0,25,4,0,5
CTX201100541,802,0,68,15,0,22
CTX201100541,803,0,25,5,0,4
CTX201100541,804,0,68,12,0,15
CTX201100541,805,0,24,5,0,5
CTX201100541,806,0,43,10,0,5
CTX201100541,807,0,24,5,0,4
CTX201100541,808,1,68,11,0,15
CTX201100541,809,0,24,6,0,4
CTX201100541,810,1,64,14,0,20
CTX201100541,811,0,24,6,0,4
CTX201100541,812,2,65,14,0,17
CTX201100541,813,0,24,6,0,4
CTX201100541,814,1,67,12,0,17
CTX201100541,815,0,23,7,0,4
CTX201100541,816,0,63,16,0,16
CTX201100541,817,0,24,6,0,4
CTX201100541,818,0,65,17,0,25
CTX201100541,819,0,24,7,0,3
CTX201100541,820,0,72,16,0,24
CTX201100541,821,0,25,5,0,4
CTX201100541,822,0,62,12,0,15
CTX201100541,823,0,23,4,0,6
CTX201100541,824,0,43,10,0,5
CTX201100541,825,0,24,5,0,4
CTX201100541,826,0,71,13,0,25
CTX201100541,827,0,25,4,0,5
CTX201100541,828,0,73,15,0,30
CTX201100541,829,0,25,5,0,4
CTX201100541,830,0,65,17,0,21
CTX201100541,831,0,25,5,0,4
CTX201100541,832,0,64,14,0,10
CTX201100541,833,0,25,5,0,4
CTX201100541,834,0,64,11,0,14
CTX201100541,835,0,24,5,0,5
CTX201100541,836,0,67,10,0,15
CTX201100541,837,0,25,5,0,5
CTX201100541,838,0,29,10,0,3
CTX201100541,839,0,24,5,0,8
CTX201100541,840,1,65,15,0,16
CTX201100541,841,0,25,5,0,4
CTX201100541,842,0,40,13,0,5
CTX201100541,843,0,25,4,0,5
CTX201100541,844,0,64,14,0,17
CTX201100541,845,0,25,5,0,4
CTX201100541,846,1,68,12,0,28
CTX201100541,847,0,25,5,0,4
CTX201100541,848,0,64,13,0,17
CTX201100541,849,0,23,4,0,6
CTX201100541,850,0,67,15,0,13
CTX201100541,851,0,23,4,0,6
CTX201100541,852,0,64,19,0,20
CTX201100541,853,0,27,5,0,4
CTX201100541,854,0,68,10,0,14
CTX201100541,855,0,24,5,0,5
CTX201100541,856,0,65,16,0,20
CTX201100541,857,0,25,5,0,4
CTX201100541,858,0,65,14,0,21
CTX201100541,859,1,23,6,0,4
CTX201100541,860,0,62,14,0,12
CTX201100541,861,0,24,6,0,4
CTX201100541,862,0,64,18,0,23
CTX201100541,863,0,25,5,0,4
CTX201100541,864,0,63,13,0,12
CTX201100541,865,0,25,5,0,4
CTX201100541,866,1,65,13,0,23
CTX201100541,867,0,25,5,0,4
CTX201100541,868,1,66,13,0,26
CTX201100541,869,0,25,5,0,4
CTX201100541,870,0,72,12,0,26
CTX201100541,871,1,25,6,0,4
CTX201100541,872,0,67,14,0,24
CTX201100541,873,0,24,5,0,8
CTX201100541,874,0,67,12,0,11
CTX201100541,875,0,25,7,0,4
CTX201100541,876,0,66,14,0,18
CTX201100541,877,0,25,6,0,3
CTX201100541,878,0,64,18,0,21
CTX201100541,879,0,25,7,0,4
CTX201100541,880,0,64,14,0,15
CTX201100541,881,0,25,6,0,3
CTX201100541,882,0,64,15,0,21
CTX201100541,883,0,26,6,0,4
CTX201100541,884,0,67,13,0,20
CTX201100541,885,0,26,5,0,3
CTX201100541,886,0,28,11,0,3
CTX201100541,887,0,24,5,0,5
CTX201100541,888,0,30,9,0,4
CTX201100541,889,0,24,4,0,5
CTX201100541,890,1,64,15,0,22
CTX201100541,891,0,24,4,0,5
CTX201100541,892,2,63,13,0,16
CTX201100541,893,0,23,6,0,4
CTX201100541,894,2,66,12,0,26
CTX201100541,895,0,24,6,0,3
CTX201100541,896,0,66,12,0,16
CTX201100541,897,0,24,5,0,4
CTX201100541,898,0,68,15,0,30
CTX201100541,899,0,24,4,0,6
CTX201100541,900,0,70,13,0,24
CTX201100541,901,0,24,5,0,4
CTX201100541,902,1,66,11,0,21
CTX201100541,903,0,23,4,0,6
CTX201100541,904,0,65,14,0,23
CTX201100541,905,0,24,5,0,4
CTX201100541,906,0,68,15,0,23
CTX201100541,907,0,24,6,0,4
CTX201100541,908,0,65,11,0,16
CTX201100541,909,0,23,5,0,4
CTX201100541,910,0,75,15,0,20
CTX201100541,911,0,24,6,0,4
CTX201100541,912,0,69,13,0,20
CTX201100541,913,0,25,5,0,4
CTX201100541,914,0,65,15,0,27
CTX201100541,915,0,25,5,0,4
CTX201100541,916,0,63,16,0,23
CTX201100541,917,0,24,6,0,4
CTX201100541,918,0,72,14,0,20
CTX201100541,919,0,24,4,0,6
CTX201100541,920,1,65,15,0,26
CTX201100541,921,0,25,4,0,5
CTX201100541,922,0,63,13,0,20
CTX201100541,923,0,24,4,0,6
CTX201100541,924,1,64,12,0,21
CTX201100541,925,0,23,4,0,6
CTX201100541,926,1,68,12,0,28
CTX201100541,927,0,24,5,0,5
CTX201100541,928,0,67,15,0,26
CTX201100541,929,0,24,4,0,6
CTX201100541,930,0,69,17,0,21
CTX201100541,931,0,24,5,0,4
CTX201100541,932,0,71,13,0,22
CTX201100541,933,0,23,4,0,6
CTX201100541,934,0,66,16,0,21
CTX201100541,935,0,24,5,0,4
CTX201100541,936,0,42,11,0,6
CTX201100541,937,0,24,4,0,5
CTX201100541,938,0,73,15,0,34
CTX201100541,939,0,24,7,0,3
CTX201100541,940,0,68,14,0,28
CTX201100541,941,0,24,7,0,3
CTX201100541,942,0,65,16,0,12
CTX201100541,943,0,25,6,0,3
CTX201100541,944,0,63,13,0,13
CTX201100541,945,0,23,5,0,4
CTX201100541,946,1,64,12,0,15
CTX201100541,947,0,25,4,0,5
CTX201100541,948,0,71,11,0,24
CTX201100541,949,0,24,4,0,5
CTX201100541,950,1,64,12,0,15
CTX201100541,951,0,25,5,0,4
CTX201100541,952,0,70,13,0,12
CTX201100541,953,0,25,5,0,4
CTX201100541,954,0,63,16,0,14
CTX201100541,955,0,24,4,0,5
CTX201100541,956,0,28,11,0,3
CTX201100541,957,0,24,4,0,5
CTX201100541,958,0,70,14,0,28
CTX201100541,959,0,24,4,0,5
CTX201100541,960,2,67,11,0,22
CTX201100541,961,0,24,4,0,5
CTX201100541,962,1,64,14,0,19
CTX201100541,963,0,24,7,0,3
CTX201100541,964,1,64,12,0,15
CTX201100541,965,0,25,5,0,4
CTX201100541,966,0,73,15,0,25
CTX201100541,967,0,24,4,0,5
CTX201100541,968,1,63,14,0,23
CTX201100541,969,0,23,6,0,4
CTX201100541,970,1,65,14,0,21
CTX201100541,971,0,25,4,0,5
CTX201100541,972,1,62,15,0,12
CTX201100541,973,0,26,5,0,3
CTX201100541,974,0,66,16,0,18
CTX201100541,975,0,25,4,0,5
CTX201100541,976,0,67,16,0,19
CTX201100541,977,0,25,4,0,5
CTX201100541,978,0,63,16,0,17
CTX201100541,979,0,25,4,0,5
CTX201100541,980,1,65,14,0,23
CTX201100541,981,0,25,4,0,5
CTX201100541,982,0,65,14,0,21
CTX201100541,983,0,24,4,0,5
CTX201100541,984,0,65,12,0,16
CTX201100541,985,0,24,4,0,5
CTX201100541,986,0,65,15,0,16
CTX201100541,987,0,24,5,0,4
CTX201100541,988,0,64,15,0,16
CTX201100541,989,0,24,5,0,4
CTX201100541,990,0,65,13,0,16
CTX201100541,991,0,24,5,0,4
CTX201100541,992,0,73,12,0,16
CTX201100541,993,0,25,5,0,4
CTX201100541,994,0,29,10,0,3
CTX201100541,995,0,24,5,0,5
CTX201100541,996,0,70,15,0,25
CTX201100541,997,0,24,4,0,5
CTX201100541,998,0,64,12,0,16
CTX201100541,999,0,23,4,0,6
CTX201100541,1000,0,66,16,0,24
CTX201100541,1001,0,24,5,0,5
CTX201100541,1002,0,64,14,0,16
CTX201100541,1003,0,25,5,0,4
CTX201100541,1004,1,63,15,0,18
CTX201100541,1005,0,23,6,0,8
CTX201100541,1006,1,64,12,0,15
CTX201100541,1007,0,25,5,0,4
CTX201100541,1008,0,66,16,0,21
CTX201100541,1009,0,24,6,0,4
CTX201100541,1010,0,63,14,0,15
CTX201100541,1011,0,24,6,0,4
CTX201100541,1012,1,72,12,0,30
CTX201100541,1013,0,24,5,0,4
CTX201100541,1014,0,65,15,0,23
CTX201100541,1015,0,24,7,0,3
CTX201100541,1016,1,69,13,0,30
CTX201100541,1017,0,24,4,0,5
CTX201100541,1018,0,64,15,0,15
CTX201100541,1019,0,24,5,0,4
CTX201100541,1020,1,62,14,0,25
CTX201100541,1021,0,24,4,0,5
CTX201100541,1022,2,65,13,0,21
CTX201100541,1023,0,25,5,0,4
CTX201100541,1024,2,66,13,0,22
CTX201100541,1025,0,25,5,0,4
CTX201100541,1026,1,65,13,0,22
CTX201100541,1027,0,25,5,0,4
CTX201100541,1028,0,71,13,0,24
CTX201100541,1029,0,24,5,0,4
CTX201100541,1030,0,74,14,0,20
CTX201100541,1031,0,24,4,0,5
CTX201100541,1032,0,73,17,0,20
CTX201100541,1033,0,24,5,0,4
CTX201100541,1034,1,68,13,0,25
CTX201100541,1035,0,24,5,0,4
CTX201100541,1036,0,63,13,0,12
CTX201100541,1037,0,25,5,0,4
CTX201100541,1038,0,63,19,0,27
CTX201100541,1039,0,24,5,0,4
CTX201100541,1040,0,73,14,0,23
CTX201100541,1041,0,24,4,0,5
CTX201100541,1042,1,70,12,0,26
CTX201100541,1043,0,24,6,0,4
CTX201100541,1044,1,69,15,0,27
CTX201100541,1045,0,25,5,0,4
CTX201100541,1046,0,64,16,0,19
CTX201100541,1047,0,25,5,0,4
CTX201100541,1048,1,65,12,0,24
CTX201100541,1049,0,24,4,0,5
CTX201100541,1050,0,68,14,0,18
CTX201100541,1051,0,24,5,0,4
CTX201100541,1052,1,64,14,0,9
CTX201100541,1053,0,23,4,0,6
CTX201100541,1054,0,68,17,0,18
CTX201100541,1055,0,25,5,0,4
CTX201100541,1056,0,42,11,0,4
CTX201100541,1057,0,24,4,0,5
CTX201100541,1058,0,69,14,0,19
CTX201100541,1059,0,24,5,0,4
CTX201100541,1060,0,70,14,0,22
CTX201100541,1061,0,24,5,0,4
CTX201100541,1062,1,63,12,0,24
CTX201100541,1063,0,24,6,0,4
CTX201100541,1064,1,63,13,0,25
CTX201100541,1065,0,24,4,0,5
CTX201100541,1066,0,63,13,0,18
CTX201100541,1067,0,23,4,0,6
CTX201100541,1068,0,73,13,0,28
CTX201100541,1069,0,25,5,0,4
CTX201100541,1070,0,67,16,0,21
CTX201100541,1071,0,24,4,0,5
CTX201100541,1072,0,43,12,0,5
CTX201100541,1073,0,24,5,0,4
CTX201100541,1074,0,66,16,0,27
CTX201100541,1075,0,24,4,0,5
CTX201100541,1076,1,66,12,0,24
CTX201100541,1077,0,24,4,0,5
CTX201100541,1078,0,64,16,0,17
CTX201100541,1079,0,25,5,0,4
CTX201100541,1080,0,65,13,0,7
CTX201100541,1081,0,24,6,0,4
CTX201100541,1082,0,65,13,0,7
CTX201100541,1083,0,25,6,0,3
CTX201100541,1084,0,66,14,0,15
CTX201100541,1085,0,25,6,0,3
CTX201100541,1086,0,70,14,0,24
CTX201100541,1087,0,25,6,0,3
CTX201100541,1088,0,67,14,0,22
CTX201100541,1089,0,25,6,0,3
CTX201100541,1090,0,65,14,0,21
CTX201100541,1091,0,27,5,0,4
CTX201100541,1092,0,66,14,0,20
CTX201100541,1093,0,25,6,0,3
CTX201100541,1094,0,65,14,0,21
CTX201100541,1095,0,25,6,0,3
CTX201100541,1096,0,64,14,0,15
CTX201100541,1097,0,26,6,0,4
CTX201100541,1098,0,69,13,0,21
CTX201100541,1099,0,25,6,0,3
CTX201100541,1100,1,67,12,0,23
CTX201100541,1101,0,24,5,0,5
CTX201100541,1102,0,63,16,0,16
CTX201100541,1103,0,25,5,0,4
CTX201100541,1104,0,78,12,0,19
CTX201100541,1105,0,23,6,0,4
CTX201100541,1106,0,68,14,0,24
CTX201100541,1107,0,25,5,0,4
CTX201100541,1108,1,68,11,0,15
CTX201100541,1109,0,24,6,0,4
CTX201100541,1110,1,64,13,0,19
CTX201100541,1111,0,24,5,0,8
CTX201100541,1112,1,63,15,0,19
CTX201100541,1113,0,24,6,0,4
CTX201100541,1114,1,64,12,0,15
CTX201100541,1115,0,25,5,0,4
CTX201100541,1116,0,65,14,0,18
CTX201100541,1117,0,24,6,0,4
CTX201100541,1118,0,65,13,0,13
CTX201100541,1119,0,24,4,0,5
CTX201100541,1120,0,64,14,0,15
CTX201100541,1121,0,25,5,0,4
CTX201100541,1122,0,66,14,0,17
CTX201100541,1123,0,24,5,0,4
CTX201100541,1124,0,66,14,0,21
CTX201100541,1125,0,25,5,0,0
CTX201100541,1126,0,67,14,0,18
CTX201100541,1127,0,25,5,0,4
CTX201100541,1128,1,67,13,0,22
CTX201100541,1129,0,25,5,0,4
CTX201100541,1130,1,65,13,0,23
CTX201100541,1131,1,23,4,0,4
CTX201100541,1132,0,66,15,0,24
CTX201100541,1133,0,25,4,0,5
CTX201100541,1134,0,67,15,0,18
CTX201100541,1135,0,25,6,0,3
CTX201100541,1136,0,66,13,0,13
CTX201100541,1137,1,24,5,0,0
CTX201100541,1138,1,64,12,0,24
CTX201100541,1139,0,25,5,0,4
CTX201100541,1140,1,67,12,0,22
CTX201100541,1141,0,25,5,0,4
CTX201100541,1142,0,65,15,0,21
CTX201100541,1143,0,24,5,0,5
CTX201100541,1144,0,62,13,0,15
CTX201100541,1145,0,24,5,0,5
CTX201100541,1146,1,65,12,0,21
CTX201100541,1147,0,25,5,0,4
CTX201100541,1148,0,62,14,0,14
CTX201100541,1149,0,24,5,0,4
CTX201100541,1150,1,64,13,0,16
CTX201100541,1151,0,25,5,0,4
CTX201100541,1152,1,64,13,0,19
CTX201100541,1153,0,23,6,0,8
CTX201100541,1154,1,62,15,0,13
CTX201100541,1155,0,24,6,0,4
CTX201100541,1156,1,64,13,0,15
CTX201100541,1157,0,24,5,0,8
CTX201100541,1158,1,62,14,0,15
CTX201100541,1159,0,24,6,0,3
CTX201100541,1160,1,65,11,0,15
CTX201100541,1161,0,23,7,0,3
CTX201100541,1162,1,68,13,0,27
CTX201100541,1163,0,24,4,0,5
CTX201100541,1164,0,68,15,0,17
CTX201100541,1165,0,24,4,0,5
CTX201100541,1166,1,69,16,0,33
CTX201100541,1167,0,24,6,0,4
CTX201100541,1168,0,69,14,0,25
CTX201100541,1169,0,25,5,0,4
CTX201100541,1170,1,67,14,0,26
CTX201100541,1171,0,24,4,0,5
CTX201100541,1172,1,68,14,0,29
CTX201100541,1173,1,24,5,0,0
CTX201100541,1174,0,72,15,0,20
CTX201100541,1175,0,25,5,0,4
CTX201100541,1176,0,67,14,0,24
CTX201100541,1177,0,25,6,0,3
CTX201100541,1178,1,68,12,0,27
CTX201100541,1179,0,25,5,0,4
CTX201100541,1180,0,63,15,0,17
CTX201100541,1181,0,24,4,0,5
CTX201100541,1182,1,67,13,0,28
CTX201100541,1183,0,25,5,0,4
CTX201100541,1184,0,64,12,0,18
CTX201100541,1185,0,25,5,0,4
CTX201100541,1186,0,65,18,0,24
CTX201100541,1187,0,23,6,0,4
CTX201100541,1188,0,63,13,0,19
CTX201100541,1189,0,23,4,0,6
CTX201100541,1190,0,70,14,0,19
CTX201100541,1191,0,24,6,0,4
CTX201100541,1192,0,71,18,0,31
CTX201100541,1193,0,25,5,0,4
CTX201100541,1194,1,64,12,0,24
CTX201100541,1195,0,25,5,0,4
CTX201100541,1196,0,65,14,0,19
CTX201100541,1197,0,24,5,0,4
CTX201100541,1198,0,78,12,0,19
CTX201100541,1199,0,24,5,0,4
CTX201100541,1200,0,66,13,0,21
CTX201100541,1201,0,24,4,0,5
CTX201100541,1202,1,66,13,0,23
CTX201100541,1203,0,24,4,0,5
CTX201100541,1204,0,64,13,0,20
CTX201100541,1205,0,25,4,0,5
CTX201100541,1206,0,64,15,0,18
CTX201100541,1207,0,25,5,0,0
CTX201100541,1208,0,65,16,0,16
CTX201100541,1209,0,24,4,0,5
CTX201100541,1210,0,67,14,0,17
CTX201100541,1211,0,24,4,0,5
CTX201100541,1212,1,72,11,0,29
CTX201100541,1213,0,25,5,0,4
CTX201100541,1214,0,63,14,0,16
CTX201100541,1215,0,24,5,0,4
CTX201100541,1216,0,67,13,0,23
CTX201100541,1217,0,25,5,0,4
CTX201100541,1218,0,62,14,0,13
CTX201100541,1219,0,24,4,0,5
CTX201100541,1220,0,64,13,0,20
CTX201100541,1221,0,24,4,0,5
CTX201100541,1222,0,74,14,0,27
CTX201100541,1223,0,25,5,0,4
CTX201100541,1224,1,64,14,0,14
CTX201100541,1225,0,24,5,0,4
CTX201100541,1226,0,65,13,0,19
CTX201100541,1227,0,24,4,0,5
CTX201100541,1228,0,29,10,0,3
CTX201100541,1229,0,23,5,0,4
CTX201100541,1230,0,66,16,0,21
CTX201100541,1231,0,24,4,0,5
CTX201100541,1232,0,69,15,0,22
CTX201100541,1233,0,24,4,0,5
CTX201100541,1234,0,63,14,0,20
CTX201100541,1235,0,24,4,0,5
CTX201100541,1236,0,62,16,0,9
CTX201100541,1237,0,25,5,0,4
CTX201100541,1238,0,64,15,0,21
CTX201100541,1239,0,25,5,0,4
CTX201100541,1240,0,66,14,0,21
CTX201100541,1241,0,25,5,0,4
CTX201100541,1242,1,65,13,0,19
CTX201100541,1243,0,24,5,0,8
CTX201100541,1244,1,64,13,0,21
CTX201100541,1245,0,25,5,0,4
CTX201100541,1246,2,69,12,0,24
CTX201100541,1247,0,24,6,0,3
CTX201100541,1248,1,65,13,0,22
CTX201100541,1249,0,25,6,0,3
CTX201100541,1250,1,61,17,0,17
CTX201100541,1251,0,25,5,0,4
CTX201100541,1252,1,66,16,0,19
CTX201100541,1253,0,25,5,0,4
CTX201100541,1254,1,67,12,0,17
CTX201100541,1255,0,25,6,0,3
CTX201100541,1256,0,69,12,0,16
CTX201100541,1257,0,24,6,0,4
CTX201100541,1258,0,63,13,0,15
CTX201100541,1259,0,24,6,0,4
CTX201100541,1260,0,77,14,0,20
CTX201100541,1261,0,24,7,0,3
CTX201100541,1262,0,64,16,0,16
CTX201100541,1263,0,25,6,0,5
CTX201100541,1264,0,70,14,0,19
CTX201100541,1265,0,23,8,0,3
CTX201100541,1266,0,67,16,0,21
CTX201100541,1267,0,24,6,0,4
CTX201100541,1268,0,69,16,0,25
CTX201100541,1269,0,23,6,0,8
CTX201100541,1270,0,62,14,0,13
CTX201100541,1271,1,25,5,0,3
CTX201100541,1272,0,67,16,0,21
CTX201100541,1273,0,25,5,0,4
CTX201100541,1274,1,62,13,0,16
CTX201100541,1275,0,25,4,0,5
CTX201100541,1276,0,66,19,0,22
CTX201100541,1277,0,26,5,0,3
CTX201100541,1278,0,72,16,0,22
CTX201100541,1279,1,24,5,0,0
CTX201100541,1280,0,66,16,0,14
CTX201100541,1281,0,26,5,0,3
CTX201100541,1282,0,62,18,0,20
CTX201100541,1283,0,25,4,0,5
CTX201100541,1284,0,67,14,0,20
CTX201100541,1285,0,25,6,0,3
CTX201100541,1286,0,67,17,0,23
CTX201100541,1287,0,26,5,0,3
CTX201100541,1288,0,66,12,0,16
CTX201100541,1289,0,25,5,0,4
CTX201100541,1290,0,65,18,0,21
CTX201100541,1291,0,24,7,0,3
CTX201100541,1292,0,67,17,0,19
CTX201100541,1293,0,26,6,0,4
CTX201100541,1294,0,66,18,0,19
CTX201100541,1295,0,25,5,0,4
CTX201100541,1296,0,73,13,0,21
CTX201100541,1297,0,25,7,0,4
CTX201100541,1298,0,72,12,0,16
CTX201100541,1299,0,25,6,0,3
CTX201100541,1300,0,64,12,0,15
CTX201100541,1301,0,24,4,0,5
CTX201100541,1302,0,65,13,0,17
CTX201100541,1303,0,25,5,0,4
CTX201100541,1304,0,64,15,0,22
CTX201100541,1305,0,23,7,0,4
CTX201100541,1306,0,65,15,0,23
CTX201100541,1307,0,25,4,0,5
CTX201100541,1308,0,63,13,0,16
CTX201100541,1309,0,23,4,0,6
CTX201100541,1310,1,64,12,0,23
CTX201100541,1311,0,25,5,0,4
CTX201100541,1312,1,66,13,0,22
CTX201100541,1313,0,24,6,0,4
CTX201100541,1314,0,70,11,0,16
CTX201100541,1315,0,24,4,0,5
CTX201100541,1316,0,68,14,0,24
CTX201100541,1317,0,23,6,0,4
CTX201100541,1318,0,63,14,0,9
CTX201100541,1319,0,24,5,0,8
CTX201100541,1320,0,68,11,0,14
CTX201100541,1321,0,24,6,0,4
CTX201100541,1322,0,64,15,0,16
CTX201100541,1323,0,25,5,0,5
CTX201100541,1324,1,67,13,0,25
CTX201100541,1325,0,25,5,0,4
CTX201100541,1326,1,66,13,0,22
CTX201100541,1327,0,25,5,0,4
CTX201100541,1328,0,67,15,0,23
CTX201100541,1329,0,24,5,0,5
CTX201100541,1330,1,66,13,0,22
CTX201100541,1331,0,25,5,0,4
CTX201100541,1332,0,65,14,0,21
CTX201100541,1333,0,25,5,0,4
CTX201100541,1334,0,65,14,0,21
CTX201100541,1335,0,25,5,0,4
CTX201100541,1336,0,69,16,0,22
CTX201100541,1337,0,26,5,0,3
CTX201100541,1338,0,66,12,0,15
CTX201100541,1339,0,24,4,0,5
CTX201100541,1340,0,69,12,0,16
CTX201100541,1341,0,25,5,0,4
CTX201100541,1342,0,69,11,0,16
CTX201100541,1343,0,24,6,0,4
CTX201100541,1344,1,67,12,0,22
CTX201100541,1345,0,25,5,0,4
CTX201100541,1346,0,68,12,0,14
CTX201100541,1347,0,24,5,0,5
CTX201100541,1348,1,64,14,0,18
CTX201100541,1349,0,24,5,0,5
CTX201100541,1350,1,70,11,0,16
CTX201100541,1351,0,25,5,0,4
CTX201100541,1352,0,64,15,0,22
CTX201100541,1353,0,25,6,0,3
CTX201100541,1354,0,67,17,0,19
CTX201100541,1355,0,24,6,0,4
CTX201100541,1356,0,72,12,0,18
CTX201100541,1357,0,24,6,0,4
CTX201100541,1358,0,71,14,0,21
CTX201100541,1359,0,24,6,0,4
CTX201100541,1360,0,63,16,0,16
CTX201100541,1361,0,23,4,0,6
CTX201100541,1362,1,66,15,0,22
CTX201100541,1363,1,24,5,0,4
CTX201100541,1364,0,77,16,0,19
CTX201100541,1365,0,23,7,0,3
CTX201100541,1366,0,69,15,0,19
CTX201100541,1367,1,23,6,0,4
CTX201100541,1368,0,69,19,0,20
CTX201100541,1369,1,24,6,0,3
CTX201100541,1370,2,71,17,0,20
CTX201100541,1371,1,24,6,0,3
CTX201100541,1372,1,64,12,0,15
CTX201100541,1373,0,25,6,0,3
CTX201100541,1374,0,68,18,0,20
CTX201100541,1375,0,24,6,0,4
CTX201100541,1376,1,61,20,0,16
CTX201100541,1377,0,24,7,0,3
CTX201100541,1378,0,64,19,0,22
CTX201100541,1379,0,24,7,0,3
CTX201100541,1380,1,66,13,0,17
CTX201100541,1381,0,24,5,0,4
CTX201100541,1382,0,68,16,0,21
CTX201100541,1383,0,25,7,0,4
CTX201100541,1384,0,66,16,0,22
CTX201100541,1385,0,24,8,0,4
CTX201100541,1386,0,77,15,0,22
CTX201100541,1387,1,24,7,0,6
CTX201100541,1388,0,63,14,0,17
CTX201100541,1389,0,25,6,0,3
CTX201100541,1390,0,64,16,0,19
CTX201100541,1391,0,24,5,0,4
CTX201100541,1392,0,69,11,0,17
CTX201100541,1393,0,25,4,0,5
CTX201100541,1394,0,65,16,0,17
CTX201100541,1395,0,26,5,0,3
CTX201100541,1396,0,68,15,0,28
CTX201100541,1397,0,26,5,0,3
CTX201100541,1398,0,70,13,0,23
CTX201100541,1399,0,25,4,0,5
CTX201100541,1400,0,69,15,0,29
CTX201100541,1401,0,25,5,0,4
CTX201100541,1402,0,63,13,0,16
CTX201100541,1403,0,23,4,0,6
CTX201100541,1404,0,67,13,0,14
CTX201100541,1405,0,24,5,0,5
CTX201100541,1406,0,68,12,0,18
CTX201100541,1407,0,23,5,0,6
CTX201100541,1408,0,43,10,0,5
CTX201100541,1409,0,25,5,0,4
CTX201100541,1410,1,65,14,0,22
CTX201100541,1411,0,24,6,0,4
CTX201100541,1412,0,65,13,0,21
CTX201100541,1413,0,24,5,0,5
CTX201100541,1414,0,65,15,0,21
CTX201100541,1415,0,24,5,0,5
CTX201100541,1416,0,66,14,0,22
CTX201100541,1417,0,25,5,0,4
CTX201100541,1418,1,66,13,0,22
CTX201100541,1419,0,25,5,0,4
CTX201100541,1420,1,64,13,0,22
CTX201100541,1421,0,25,5,0,4
CTX201100541,1422,0,69,12,0,16
CTX201100541,1423,0,25,5,0,4
CTX201100541,1424,0,65,14,0,21
CTX201100541,1425,0,25,5,0,4
CTX201100541,1426,0,63,15,0,15
CTX201100541,1427,0,25,5,0,4
CTX201100541,1428,0,68,14,0,21
CTX201100541,1429,0,24,5,0,5
CTX201100541,1430,0,63,15,0,21
CTX201100541,1431,0,25,5,0,4
CTX201100541,1432,0,64,13,0,13
CTX201100541,1433,0,25,5,0,4
CTX201100541,1434,1,66,13,0,22
CTX201100541,1435,0,25,5,0,4
CTX201100541,1436,0,70,11,0,17
CTX201100541,1437,0,25,6,0,5
CTX201100541,1438,0,64,14,0,21
CTX201100541,1439,0,25,5,0,4
CTX201100541,1440,0,64,14,0,17
CTX201100541,1441,0,25,5,0,4
CTX201100541,1442,0,65,14,0,21
CTX201100541,1443,0,25,5,0,4
CTX201100541,1444,0,66,12,0,15
CTX201100541,1445,0,25,5,0,4
CTX201100541,1446,0,63,15,0,21
CTX201100541,1447,0,25,5,0,4
CTX201100541,1448,0,64,15,0,19
CTX201100541,1449,0,24,5,0,4
CTX201100541,1450,0,65,15,0,20
CTX201100541,1451,0,24,5,0,4
CTX201100541,1452,0,64,14,0,16
CTX201100541,1453,0,25,5,0,4
CTX201100541,1454,0,65,14,0,21
CTX201100541,1455,0,25,5,0,4
CTX201100541,1456,0,64,15,0,9
CTX201100541,1457,0,24,6,0,4
CTX201100541,1458,0,65,14,0,23
CTX201100541,1459,0,24,5,0,4
CTX201100541,1460,0,66,12,0,15
CTX201100541,1461,0,25,5,0,4
CTX201100541,1462,0,62,16,0,21
CTX201100541,1463,0,25,5,0,4
CTX201100541,1464,1,66,13,0,22
CTX201100541,1465,0,25,5,0,4
CTX201100541,1466,1,65,14,0,22
CTX201100541,1467,0,25,5,0,4
CTX201100541,1468,1,65,14,0,22
CTX201100541,1469,0,25,5,0,4
CTX201100541,1470,1,63,14,0,24
CTX201100541,1471,0,25,5,0,4
CTX201100541,1472,1,67,12,0,22
CTX201100541,1473,0,25,5,0,4
CTX201100541,1474,1,66,13,0,22
CTX201100541,1475,0,25,5,0,4
CTX201100541,1476,0,62,14,0,15
CTX201100541,1477,0,24,4,0,5
CTX201100541,1478,0,66,18,0,23
CTX201100541,1479,0,24,8,0,5
CTX201100541,1480,0,68,14,0,21
CTX201100541,1481,0,24,5,0,4
CTX201100541,1482,1,67,12,0,22
CTX201100541,1483,0,25,5,0,3
CTX201100541,1484,1,64,13,0,18
CTX201100541,1485,0,24,6,0,5
CTX201100541,1486,1,62,14,0,13
CTX201100541,1487,0,25,5,0,5
CTX201100541,1488,1,65,17,0,20
CTX201100541,1489,0,29,9,0,3
CTX201100541,1490,1,63,15,0,19
CTX201100541,1491,0,26,5,0,3
CTX201100541,1492,1,60,12,0,2
CTX201100541,1493,0,23,6,0,8
CTX201100541,1494,0,30,9,0,3
CTX201100541,1495,0,25,5,0,4
CTX201100541,1496,1,64,13,0,20
CTX201100541,1497,0,26,5,0,3
CTX201100541,1498,1,69,12,0,16
CTX201100541,1499,0,25,5,0,4
CTX201100541,1500,1,69,12,0,16
CTX201100541,1501,0,25,6,0,3
CTX201100541,1502,0,69,13,0,17
CTX201100541,1503,0,24,4,0,5
CTX201100541,1504,0,70,11,0,14
CTX201100541,1505,0,26,5,0,3
CTX201100541,1506,0,71,12,0,17
CTX201100541,1507,0,24,4,0,5
CTX201100541,1508,0,69,13,0,13
CTX201100541,1509,0,25,6,0,3
CTX201100541,1510,0,73,17,0,28
CTX201100541,1511,0,23,7,0,4
CTX201100541,1512,1,68,15,0,19
CTX201100541,1513,0,26,10,0,4
CTX201100541,1514,2,67,13,0,26
CTX201100541,1515,0,25,7,0,5
CTX201100541,1516,0,74,15,0,23
CTX201100541,1517,0,25,5,0,4
CTX201100541,1518,1,40,11,0,4
CTX201100541,1519,0,26,5,0,3
CTX201100541,1520,0,72,14,0,18
CTX201100541,1521,0,27,5,0,4
CTX201100541,1522,0,70,16,0,25
CTX201100541,1523,0,25,6,0,5
CTX201100541,1524,0,63,13,0,16
CTX201100541,1525,0,23,4,0,6
CTX201100541,1526,0,65,14,0,17
CTX201100541,1527,0,24,6,0,4
CTX201100541,1528,1,67,12,0,23
CTX201100541,1529,0,25,4,0,5
CTX201100541,1530,1,70,17,0,31
CTX201100541,1531,0,25,6,0,3
CTX201100541,1532,0,68,15,0,20
CTX201100541,1533,0,24,5,0,4
CTX201100541,1534,0,64,20,0,19
CTX201100541,1535,0,25,5,0,4
CTX201100541,1536,0,67,12,0,15
CTX201100541,1537,0,25,5,0,4
CTX201100541,1538,0,65,15,0,19
CTX201100541,1539,0,25,5,0,4
CTX201100541,1540,0,62,15,0,11
CTX201100541,1541,0,24,5,0,6
CTX201100541,1542,1,68,13,0,26
CTX201100541,1543,0,25,5,0,4
CTX201100541,1544,1,68,13,0,26
CTX201100541,1545,0,25,5,0,4
CTX201100541,1546,0,64,13,0,13
CTX201100541,1547,0,25,5,0,4
CTX201100541,1548,0,71,12,0,15
CTX201100541,1549,0,23,5,0,4
CTX201100541,1550,0,69,14,0,17
CTX201100541,1551,0,28,7,0,0
CTX201100541,1552,0,66,13,0,21
CTX201100541,1553,0,25,4,0,5
CTX201100541,1554,0,68,12,0,16
CTX201100541,1555,0,24,6,0,4
CTX201100541,1556,0,66,14,0,23
CTX201100541,1557,0,25,5,0,4
CTX201100541,1558,0,64,18,0,18
CTX201100541,1559,0,25,5,0,4
CTX201100541,1560,0,69,14,0,25
CTX201100541,1561,0,24,5,0,5
CTX201100541,1562,0,64,14,0,22
CTX201100541,1563,0,25,5,0,4
CTX201100541,1564,0,64,13,0,16
CTX201100541,1565,0,25,5,0,4
CTX201100541,1566,1,66,12,0,23
CTX201100541,1567,0,25,5,0,4
CTX201100541,1568,0,65,15,0,17
CTX201100541,1569,0,25,5,0,4
CTX201100541,1570,0,64,12,0,15
CTX201100541,1571,0,24,5,0,4
CTX201100541,1572,0,66,14,0,23
CTX201100541,1573,0,25,5,0,4
CTX201100541,1574,0,65,14,0,16
CTX201100541,1575,0,24,4,0,5
CTX201100541,1576,1,64,13,0,19
CTX201100541,1577,0,24,6,0,4
CTX201100541,1578,2,59,15,0,18
CTX201100541,1579,0,25,7,0,4
CTX201100541,1580,1,67,15,0,15
CTX201100541,1581,0,26,5,0,3
CTX201100541,1582,0,69,16,0,21
CTX201100541,1583,0,24,6,0,4
CTX201100541,1584,0,66,19,0,22
CTX201100541,1585,0,23,5,0,4
CTX201100541,1586,0,66,15,0,19
CTX201100541,1587,0,25,5,0,4
CTX201100541,1588,0,70,18,0,23
CTX201100541,1589,0,24,4,0,5
CTX201100541,1590,1,66,12,0,28
CTX201100541,1591,0,24,5,0,6
CTX201100541,1592,0,72,12,0,19
CTX201100541,1593,0,24,5,0,4
CTX201100541,1594,0,65,13,0,11
CTX201100541,1595,0,27,5,0,4
CTX201100541,1596,0,72,15,0,23
CTX201100541,1597,0,26,6,0,4
CTX201100541,1598,0,70,13,0,16
CTX201100541,1599,0,26,7,0,4
CTX201100541,1600,0,70,13,0,16
CTX201100541,1601,0,25,6,0,4
CTX201100541,1602,0,73,12,0,14
CTX201100541,1603,0,27,7,0,4
CTX201100541,1604,0,70,13,0,26
CTX201100541,1605,0,24,6,0,4
CTX201100541,1606,1,70,12,0,15
CTX201100541,1607,0,25,5,0,4
CTX201100541,1608,0,64,13,0,15
CTX201100541,1609,0,24,4,0,5
CTX201100541,1610,0,67,13,0,16
CTX201100541,1611,0,25,6,0,4
CTX201100541,1612,0,68,18,0,25
CTX201100541,1613,0,25,6,0,4
CTX201100541,1614,0,64,19,0,20
CTX201100541,1615,0,23,4,0,6
CTX201100541,1616,0,69,14,0,19
CTX201100541,1617,0,24,5,0,4
CTX201100541,1618,0,69,16,0,20
CTX201100541,1619,0,25,5,0,4
CTX201100541,1620,0,75,16,0,25
CTX201100541,1621,0,26,6,0,4
CTX201100541,1622,0,70,15,0,23
CTX201100541,1623,0,25,5,0,4
CTX201100541,1624,0,67,13,0,17
CTX201100541,1625,0,25,5,0,4
CTX201100541,1626,1,67,14,0,27
CTX201100541,1627,0,23,4,0,6
CTX201100541,1628,0,65,12,0,11
CTX201100541,1629,0,24,5,0,5
CTX201100541,1630,0,65,13,0,18
CTX201100541,1631,0,24,5,0,4
CTX201100541,1632,1,70,10,0,16
CTX201100541,1633,0,24,6,0,4
CTX201100541,1634,0,66,17,0,20
CTX201100541,1635,0,23,4,0,6
CTX201100541,1636,0,70,14,0,16
CTX201100541,1637,0,23,4,0,6
CTX201100541,1638,0,67,10,0,17
CTX201100541,1639,0,24,6,0,3
CTX201100541,1640,0,68,15,0,20
CTX201100541,1641,0,24,5,0,5
CTX201100541,1642,0,68,15,0,20
CTX201100541,1643,0,25,5,0,4
CTX201100541,1644,0,68,15,0,18
CTX201100541,1645,0,25,5,0,4
CTX201100541,1646,0,67,15,0,17
CTX201100541,1647,0,25,5,0,4
CTX201100541,1648,0,68,15,0,20
CTX201100541,1649,0,25,5,0,4
CTX201100541,1650,0,65,14,0,17
CTX201100541,1651,0,24,6,0,4
CTX201100541,1652,0,71,13,0,15
CTX201100541,1653,0,24,5,0,5
CTX201100541,1654,0,30,9,0,3
CTX201100541,1655,0,24,5,0,5
CTX201100541,1656,0,29,10,0,3
CTX201100541,1657,0,24,5,0,5
CTX201100541,1658,0,66,17,0,23
CTX201100541,1659,1,23,6,0,5
CTX201100541,1660,0,64,13,0,16
CTX201100541,1661,0,24,5,0,4
CTX201100541,1662,0,70,12,0,14
CTX201100541,1663,0,23,5,0,4
CTX201100541,1664,0,67,15,0,21
CTX201100541,1665,0,24,4,0,5
CTX201100541,1666,0,66,14,0,20
CTX201100541,1667,0,25,5,0,4
CTX201100541,1668,1,67,12,0,22
CTX201100541,1669,0,25,5,0,4
CTX201100541,1670,0,66,14,0,22
CTX201100541,1671,0,25,5,0,4
CTX201100541,1672,1,63,15,0,20
CTX201100541,1673,0,26,7,0,4
CTX201100541,1674,0,68,14,0,22
CTX201100541,1675,0,25,5,0,4
CTX201100541,1676,0,44,11,0,5
CTX201100541,1677,0,25,5,0,4
CTX201100541,1678,0,67,17,0,19
CTX201100541,1679,0,25,5,0,4
CTX201100541,1680,1,66,13,0,20
CTX201100541,1681,0,24,5,0,5
CTX201100541,1682,1,65,15,0,23
CTX201100541,1683,0,24,5,0,5
CTX201100541,1684,0,63,12,0,13
CTX201100541,1685,0,23,6,0,5
CTX201100541,1686,0,63,13,0,13
CTX201100541,1687,1,25,5,0,5
CTX201100541,1688,0,64,12,0,16
CTX201100541,1689,0,23,5,0,4
CTX201100541,1690,1,67,11,0,23
CTX201100541,1691,0,24,4,0,5
CTX201100541,1692,0,66,13,0,12
CTX201100541,1693,0,24,5,0,5
CTX201100541,1694,0,66,16,0,21
CTX201100541,1695,0,25,5,0,3
CTX201100541,1696,0,66,12,0,14
CTX201100541,1697,0,24,5,0,5
CTX201100541,1698,0,69,15,0,21
CTX201100541,1699,0,25,5,0,4
CTX201100541,1700,0,69,13,0,18
CTX201100541,1701,0,24,4,0,5
CTX201100541,1702,0,67,15,0,21
CTX201100541,1703,0,26,5,0,3
CTX201100541,1704,0,67,13,0,16
CTX201100541,1705,0,26,5,0,3
CTX201100541,1706,1,66,13,0,21
CTX201100541,1707,0,24,5,0,5
CTX201100541,1708,0,69,11,0,15
CTX201100541,1709,0,24,5,0,5
CTX201100541,1710,1,64,12,0,14
CTX201100541,1711,0,25,5,0,4
CTX201100541,1712,0,63,13,0,18
CTX201100541,1713,0,24,5,0,6
CTX201100541,1714,0,68,14,0,23
CTX201100541,1715,0,24,6,0,4
CTX201100541,1716,1,66,13,0,21
CTX201100541,1717,0,25,5,0,4
CTX201100541,1718,0,65,15,0,19
CTX201100541,1719,0,25,5,0,4
CTX201100541,1720,0,67,15,0,20
CTX201100541,1721,0,25,5,0,4
CTX201100541,1722,0,71,11,0,16
CTX201100541,1723,0,24,4,0,5
CTX201100541,1724,0,66,14,0,19
CTX201100541,1725,0,25,5,0,4
CTX201100541,1726,1,67,12,0,21
CTX201100541,1727,0,25,5,0,4
CTX201100541,1728,0,67,15,0,20
CTX201100541,1729,0,24,5,0,5
CTX201100541,1730,1,66,13,0,22
CTX201100541,1731,0,26,5,0,3
CTX201100541,1732,0,66,14,0,16
CTX201100541,1733,0,25,5,0,4
CTX201100541,1734,0,68,13,0,21
CTX201100541,1735,0,24,5,0,4
CTX201100541,1736,0,67,15,0,21
CTX201100541,1737,0,25,5,0,8
CTX201100541,1738,0,73,11,0,16
CTX201100541,1739,0,25,5,0,4
CTX201100541,1740,0,40,10,0,10
CTX201100541,1741,1,40,11,0,11
CTX201100541,1742,0,41,10,0,10
CTX201100541,1743,0,42,9,0,10
CTX201100541,1744,0,43,9,0,10
CTX201100541,1745,1,40,10,0,9
CTX201100541,1746,0,42,10,0,10
CTX201100541,1747,1,40,10,0,10
CTX201100541,1748,0,41,9,0,9
CTX201100541,1749,0,40,10,0,9
CTX201100541,1750,0,40,10,0,9
CTX201100541,1751,0,39,10,0,9
CTX201100541,1752,0,42,10,0,10
CTX201100541,1753,0,42,10,0,9
CTX201100541,1754,0,41,11,0,9
CTX201100541,1755,0,41,11,0,11
CTX201100541,1756,0,40,10,0,9
CTX201100541,1757,0,40,10,0,9
CTX201100541,1758,0,43,10,0,9
CTX201100541,1759,0,40,10,0,9
CTX201100541,1760,0,40,10,0,9
CTX201100541,1761,0,40,10,0,9
CTX201100541,1762,1,41,8,0,9
CTX201100541,1763,0,40,10,0,10
CTX201100541,1764,0,36,8,0,6
CTX201100541,1765,1,40,12,0,9
CTX201100541,1766,0,40,10,0,12
CTX201100541,1767,0,39,11,0,10
CTX201100541,1768,0,40,12,0,11
CTX201100541,1769,0,40,12,0,11
CTX201100541,1770,0,39,11,0,10
CTX201100541,1771,0,41,10,0,11
CTX201100541,1772,0,41,12,0,9
CTX201100541,1773,0,44,10,0,10
CTX201100541,1774,0,38,14,0,10
CTX201100541,1775,0,41,11,0,11
CTX201100541,1776,0,42,10,0,9
CTX201100541,1777,0,41,9,0,9
CTX201100541,1778,0,41,11,0,9
CTX201100541,1779,0,42,10,0,9
CTX201100541,1780,1,43,8,0,9
CTX201100541,1781,0,43,9,0,11
CTX201100541,1782,0,42,11,0,10
CTX201100541,1783,0,42,11,0,10
CTX201100541,1784,0,40,13,0,10
CTX201100541,1785,0,42,9,0,9
CTX201100541,1786,0,41,9,0,9
CTX201100541,1787,1,37,12,0,9
CTX201100541,1788,0,40,12,0,9
CTX201100541,1789,1,40,12,0,7
CTX201100541,1790,1,39,10,0,9
CTX201100541,1791,1,38,12,0,10
CTX201100541,1792,0,38,12,0,11
CTX201100541,1793,0,39,13,0,11
CTX201100541,1794,0,42,10,0,9
CTX201100541,1795,0,43,9,0,9
CTX201100541,1796,0,41,8,0,9
CTX201100541,1797,0,41,9,0,10
CTX201100541,1798,0,42,10,0,9
CTX201100541,1799,0,39,14,0,11
CTX201100541,1800,0,41,10,0,9
CTX201100541,1801,0,41,9,0,11
CTX201100541,1802,0,40,11,0,10
CTX201100541,1803,0,41,10,0,10
CTX201100541,1804,0,41,10,0,12
CTX201100541,1805,0,42,9,0,9
CTX201100541,1806,0,42,10,0,10
CTX201100541,1807,0,42,9,0,10
CTX201100541,1808,0,41,8,0,9
CTX201100541,1809,0,42,8,0,9
CTX201100541,1810,0,42,8,0,10
CTX201100541,1811,0,42,9,0,10
CTX201100541,1812,0,40,10,0,9
CTX201100541,1813,1,41,8,0,10
CTX201100541,1814,0,41,8,0,11
CTX201100541,1815,0,42,7,0,11
CTX201100541,1816,0,40,8,0,11
CTX201100541,1817,0,40,11,0,12
CTX201100541,1818,0,40,10,0,9
CTX201100541,1819,0,42,8,0,9
CTX201100541,1820,0,40,9,0,9
CTX201100541,1821,0,42,8,0,9
CTX201100541,1822,0,41,9,0,9
CTX201100541,1823,0,38,11,0,11
CTX201100541,1824,1,41,8,0,9
CTX201100541,1825,0,39,8,0,10
CTX201100541,1826,1,40,9,0,9
CTX201100541,1827,1,39,10,0,10
CTX201100541,1828,0,41,10,0,10
CTX201100541,1829,0,42,7,0,9
CTX201100541,1830,0,41,10,0,11
CTX201100541,1831,0,41,9,0,9
CTX201100541,1832,0,43,8,0,11
CTX201100541,1833,0,41,9,0,11
CTX201100541,1834,0,42,9,0,9
CTX201100541,1835,0,42,9,0,9
CTX201100541,1836,0,42,8,0,9
CTX201100541,1837,0,42,9,0,10
CTX201100541,1838,0,43,9,0,9
CTX201100541,1839,0,43,9,0,9
CTX201100541,1840,0,42,9,0,9
CTX201100541,1841,0,41,11,0,9
CTX201100541,1842,0,44,9,0,9
CTX201100541,1843,0,42,9,0,9
CTX201100541,1844,0,42,9,0,9
CTX201100541,1845,0,40,10,0,9
CTX201100541,1846,1,40,11,0,8
CTX201100541,1847,0,41,7,0,9
CTX201100541,1848,0,41,9,0,11
CTX201100541,1849,0,41,8,0,10
CTX201100541,1850,0,42,8,0,9
CTX201100541,1851,1,41,9,0,9
CTX201100541,1852,0,41,9,0,10
CTX201100541,1853,0,40,10,0,11
CTX201100541,1854,0,41,8,0,11
CTX201100541,1855,0,40,9,0,10
CTX201100541,1856,0,41,8,0,11
CTX201100541,1857,0,42,9,0,9
CTX201100541,1858,0,41,7,0,9
CTX201100541,1859,1,41,9,0,9
CTX201100541,1860,1,41,9,0,9
CTX201100541,1861,1,38,11,0,10
CTX201100541,1862,1,39,10,0,9
CTX201100541,1863,0,39,10,0,9
CTX201100541,1864,0,41,10,0,9
CTX201100541,1865,0,41,10,0,10
CTX201100541,1866,0,43,8,0,9
CTX201100541,1867,0,41,10,0,9
CTX201100541,1868,0,41,9,0,10
CTX201100541,1869,0,42,9,0,9
CTX201100541,1870,0,42,9,0,9
CTX201100541,1871,0,42,9,0,9
CTX201100541,1872,0,41,9,0,9
CTX201100541,1873,0,41,9,0,9
CTX201100541,1874,0,42,8,0,8
CTX201100541,1875,0,41,9,0,9
CTX201100541,1876,0,42,9,0,9
CTX201100541,1877,0,39,11,0,11
CTX201100541,1878,0,39,12,0,10
CTX201100541,1879,0,39,10,0,9
CTX201100541,1880,0,42,9,0,11
CTX201100541,1881,0,42,9,0,9
CTX201100541,1882,0,42,9,0,9
CTX201100541,1883,0,42,9,0,9
CTX201100541,1884,0,41,10,0,9
CTX201100541,1885,0,42,9,0,9
CTX201100541,1886,0,40,11,0,9
CTX201100541,1887,0,42,10,0,9
CTX201100541,1888,0,42,9,0,9
CTX201100541,1889,0,42,9,0,9
CTX201100541,1890,0,42,9,0,9
CTX201100541,1891,0,42,9,0,9
CTX201100541,1892,0,41,10,0,9
CTX201100541,1893,0,43,9,0,9
CTX201100541,1894,0,42,9,0,9
CTX201100541,1895,0,42,9,0,9
CTX201100541,1896,0,41,10,0,9
CTX201100541,1897,0,42,9,0,9
CTX201100541,1898,0,42,9,0,10
CTX201100541,1899,0,42,9,0,9
CTX201100541,1900,0,39,11,0,10
CTX201100541,1901,0,43,9,0,9
CTX201100541,1902,0,42,9,0,9
CTX201100541,1903,0,42,9,0,9
CTX201100541,1904,0,42,9,0,9
CTX201100541,1905,0,42,9,0,9
CTX201100541,1906,0,42,9,0,9
CTX201100541,1907,0,43,8,0,9
CTX201100541,1908,0,43,8,0,9
CTX201100541,1909,0,38,7,0,8
CTX201100541,1910,1,38,11,0,9
CTX201100541,1911,1,38,11,0,9
CTX201100541,1912,1,39,10,0,10
CTX201100541,1913,0,42,8,0,10
CTX201100541,1914,1,39,10,0,9
CTX201100541,1915,0,44,9,0,10
CTX201100541,1916,1,40,7,0,10
CTX201100541,1917,0,38,14,0,10
CTX201100541,1918,0,40,12,0,10
CTX201100541,1919,0,40,13,0,10
CTX201100541,1920,0,41,10,0,13
CTX201100541,1921,0,41,10,0,10
CTX201100541,1922,0,41,10,0,11
CTX201100541,1923,0,41,10,0,9
CTX201100541,1924,0,42,8,0,10
CTX201100541,1925,1,43,7,0,10
CTX201100541,1926,0,40,9,0,11
CTX201100541,1927,0,39,7,0,11
CTX201100541,1928,0,42,8,0,11
CTX201100541,1929,0,42,8,0,10
CTX201100541,1930,0,41,9,0,10
CTX201100541,1931,0,41,8,0,11
CTX201100541,1932,0,42,10,0,9
CTX201100541,1933,0,42,10,0,9
CTX201100541,1934,0,40,10,0,9
CTX201100541,1935,0,41,10,0,8
CTX201100541,1936,0,42,9,0,10
CTX201100541,1937,0,42,9,0,9
CTX201100541,1938,0,43,9,0,10
CTX201100541,1939,0,37,11,0,10
CTX201100541,1940,0,40,9,0,9
CTX201100541,1941,0,40,9,0,10
CTX201100541,1942,0,42,10,0,10
CTX201100541,1943,0,43,9,0,10
CTX201100541,1944,0,39,10,0,10
CTX201100541,1945,0,41,10,0,9
CTX201100541,1946,0,38,11,0,10
CTX201100541,1947,0,28,6,0,5
CTX201100541,1948,0,38,7,0,9
CTX201100541,1949,0,41,11,0,9
CTX201100541,1950,0,40,8,0,9
CTX201100541,1951,0,43,9,0,9
CTX201100541,1952,0,43,9,0,9
CTX201100541,1953,0,42,7,0,9
CTX201100541,1954,0,38,10,0,9
CTX201100541,1955,1,36,7,0,7
CTX201100541,1956,0,19,6,0,3
CTX201100541,1957,0,35,10,0,3
CTX201100541,1958,0,19,6,0,2
CTX201100541,1959,0,30,9,0,4
CTX201100541,1960,0,19,6,0,3
CTX201100541,1961,0,34,10,0,4
CTX201100541,1962,0,20,7,0,2
CTX201100541,1963,0,39,7,0,5
CTX201100541,1964,0,19,6,0,2
CTX201100541,1965,0,40,5,0,7
CTX201100541,1966,0,19,6,0,2
CTX201100541,1967,0,34,7,0,3
CTX201100541,1968,0,19,7,0,3
CTX201100541,1969,0,32,8,0,2
CTX201100541,1970,0,19,6,0,2
CTX201100541,1971,0,32,9,0,3
CTX201100541,1972,0,19,6,0,3
CTX201100541,1973,1,30,6,0,3
CTX201100541,1974,0,19,6,0,2
CTX201100541,1975,0,30,6,0,3
CTX201100541,1976,0,19,6,0,2
CTX201100541,1977,0,44,4,0,6
CTX201100541,1978,0,19,6,0,2
CTX201100541,1979,0,40,8,0,7
CTX201100541,1980,0,19,6,0,2
CTX201100541,1981,0,39,8,0,8
CTX201100541,1982,0,19,6,0,2
CTX201100541,1983,0,40,3,0,4
CTX201100541,1984,0,19,6,0,3
CTX201100541,1985,1,34,9,0,3
CTX201100541,1986,0,20,5,0,3
CTX201100541,1987,0,30,9,0,7
CTX201100541,1988,0,31,7,0,8
CTX201100541,1989,0,48,7,0,14
CTX201100541,1990,0,40,4,0,27
CTX201100541,1991,0,43,7,0,7
CTX201100541,1992,0,40,4,0,27
CTX201100541,1993,0,43,5,0,6
CTX201100541,1994,0,40,4,0,28
CTX201100541,1995,0,42,6,0,6
CTX201100541,1996,0,40,4,0,27
CTX201100541,1997,0,42,8,0,4
CTX201100541,1998,0,41,4,0,20
CTX201100541,1999,0,44,9,0,19
CTX201100541,2000,0,40,4,0,27
CTX201100541,2001,0,44,9,0,18
CTX201100541,2002,0,40,4,0,27
CTX201100541,2003,0,46,7,0,20
CTX201100541,2004,0,40,4,0,27
CTX201100541,2005,0,44,7,0,8
CTX201100541,2006,0,41,4,0,29
CTX201100541,2007,0,41,7,0,8
CTX201100541,2008,0,40,4,0,27
CTX201100541,2009,0,42,5,0,5
CTX201100541,2010,0,40,4,0,27
CTX201100541,2011,0,43,6,0,5
CTX201100541,2012,0,40,4,0,27
CTX201100541,2013,0,46,9,0,10
CTX201100541,2014,0,40,4,0,27
CTX201100541,2015,0,49,5,0,15
CTX201100541,2016,0,42,4,0,26
CTX201100541,2017,0,48,6,0,20
CTX201100541,2018,0,40,4,0,27
CTX201100541,2019,0,44,6,0,7
CTX201100541,2020,0,40,5,0,26
CTX201100541,2021,0,42,7,0,7
CTX201100541,2022,0,40,4,0,27
CTX201100541,2023,0,41,7,0,5
CTX201100541,2024,0,40,4,0,27
CTX201100541,2025,0,44,6,0,4
CTX201100541,2026,0,40,4,0,26
CTX201100541,2027,0,43,6,0,8
CTX201100541,2028,0,40,4,0,27
CTX201100541,2029,0,43,6,0,8
CTX201100541,2030,0,40,4,0,27
CTX201100541,2031,0,42,7,0,5
CTX201100541,2032,0,40,4,0,27
CTX201100541,2033,0,46,9,0,22
CTX201100541,2034,0,40,4,0,27
CTX201100541,2035,0,46,7,0,19
CTX201100541,2036,0,40,4,0,27
CTX201100541,2037,0,45,8,0,20
CTX201100541,2038,0,40,4,0,27
CTX201100541,2039,0,43,5,0,6
CTX201100541,2040,0,40,4,0,27
CTX201100541,2041,0,46,8,0,19
CTX201100541,2042,0,40,4,0,27
CTX201100541,2043,0,42,6,0,10
CTX201100541,2044,0,40,4,0,27
CTX201100541,2045,0,44,4,0,9
CTX201100541,2046,0,40,4,0,27
CTX201100541,2047,0,44,5,0,11
CTX201100541,2048,0,20,1,0,4
CTX201100541,2049,0,43,6,0,12
CTX201100541,2050,0,39,5,0,24
CTX201100541,2051,0,42,7,0,8
CTX201100541,2052,0,40,4,0,27
CTX201100541,2053,0,45,5,0,5
CTX201100541,2054,0,40,4,0,27
CTX201100541,2055,0,43,6,0,8
CTX201100541,2056,0,40,4,0,27
CTX201100541,2057,0,42,5,0,5
CTX201100541,2058,0,40,4,0,27
CTX201100541,2059,0,43,6,0,6
CTX201100541,2060,0,40,4,0,27
CTX201100541,2061,0,44,6,0,8
CTX201100541,2062,0,40,4,0,27
CTX201100541,2063,0,43,6,0,7
CTX201100541,2064,0,40,4,0,27
CTX201100541,2065,0,42,7,0,8
CTX201100541,2066,0,40,4,0,27
CTX201100541,2067,0,42,9,0,4
CTX201100541,2068,0,40,4,0,27
CTX201100541,2069,0,43,9,0,21
CTX201100541,2070,0,40,4,0,27
CTX201100541,2071,0,45,8,0,19
CTX201100541,2072,0,41,4,0,29
CTX201100541,2073,0,44,5,0,5
CTX201100541,2074,0,40,4,0,27
CTX201100541,2075,0,43,6,0,7
CTX201100541,2076,0,40,4,0,27
CTX201100541,2077,0,44,6,0,5
CTX201100541,2078,0,40,5,0,29
CTX201100541,2079,0,42,6,0,5
CTX201100541,2080,0,40,4,0,27
CTX201100541,2081,0,43,6,0,9
CTX201100541,2082,0,40,4,0,27
CTX201100541,2083,0,44,9,0,19
CTX201100541,2084,0,40,4,0,27
CTX201100541,2085,0,44,9,0,19
CTX201100541,2086,0,40,4,0,27
CTX201100541,2087,0,43,5,0,6
CTX201100541,2088,0,40,4,0,27
CTX201100541,2089,0,41,6,0,5
CTX201100541,2090,0,20,1,0,4
CTX201100541,2091,0,43,6,0,5
CTX201100541,2092,0,40,4,0,27
CTX201100541,2093,0,43,7,0,7
CTX201100541,2094,0,40,4,0,27
CTX201100541,2095,0,47,7,0,20
CTX201100541,2096,0,40,4,0,27
CTX201100541,2097,0,44,6,0,5
CTX201100541,2098,0,40,4,0,27
CTX201100541,2099,0,44,5,0,9
CTX201100541,2100,0,40,4,0,27
CTX201100541,2101,0,42,5,0,10
CTX201100541,2102,0,39,5,0,24
CTX201100541,2103,0,42,6,0,9
CTX201100541,2104,0,40,4,0,27
CTX201100541,2105,0,42,6,0,7
CTX201100541,2106,0,40,4,0,6
CTX201100541,2107,0,48,7,0,26
CTX201100541,2108,0,40,4,0,28
CTX201100541,2109,0,47,8,0,19
CTX201100541,2110,0,40,4,0,6
CTX201100541,2111,0,46,7,0,16
CTX201100541,2112,0,40,4,0,29
CTX201100541,2113,0,44,8,0,18
CTX201100541,2114,0,41,4,0,25
CTX201100541,2115,0,45,6,0,18
CTX201100541,2116,0,40,4,0,6
CTX201100541,2117,0,44,8,0,19
CTX201100541,2118,0,40,4,0,6
CTX201100541,2119,0,45,6,0,18
CTX201100541,2120,0,40,4,0,27
CTX201100541,2121,0,45,7,0,18
CTX201100541,2122,0,40,4,0,27
CTX201100541,2123,0,45,6,0,20
CTX201100541,2124,0,40,4,0,6
CTX201100541,2125,0,42,5,0,4
CTX201100541,2126,0,40,4,0,27
CTX201100541,2127,0,47,6,0,12
CTX201100541,2128,0,40,4,0,6
CTX201100541,2129,0,42,5,0,6
CTX201100541,2130,0,40,4,0,27
CTX201100541,2131,0,45,5,0,7
CTX201100541,2132,0,40,4,0,6
CTX201100541,2133,0,47,6,0,17
CTX201100541,2134,0,40,4,0,27
CTX201100541,2135,0,44,4,0,6
CTX201100541,2136,0,40,4,0,27
CTX201100541,2137,0,46,6,0,19
CTX201100541,2138,0,40,4,0,28
CTX201100541,2139,0,42,5,0,5
CTX201100541,2140,0,40,4,0,24
CTX201100541,2141,0,47,6,0,21
CTX201100541,2142,0,40,4,0,6
CTX201100541,2143,0,45,8,0,19
CTX201100541,2144,0,40,4,0,27
CTX201100541,2145,0,47,6,0,20
CTX201100541,2146,0,40,4,0,27
CTX201100541,2147,0,46,7,0,17
CTX201100541,2148,0,40,4,0,27
CTX201100541,2149,0,45,9,0,17
CTX201100541,2150,0,40,4,0,27
CTX201100541,2151,0,47,6,0,21
CTX201100541,2152,0,40,4,0,27
CTX201100541,2153,0,46,6,0,16
CTX201100541,2154,0,41,4,0,20
CTX201100541,2155,0,46,7,0,16
CTX201100541,2156,0,40,4,0,27
CTX201100541,2157,0,43,4,0,3
CTX201100541,2158,0,40,4,0,28
CTX201100541,2159,0,47,6,0,12
CTX201100541,2160,0,40,4,0,28
CTX201100541,2161,0,46,7,0,17
CTX201100541,2162,0,40,4,0,27
CTX201100541,2163,0,46,7,0,17
CTX201100541,2164,0,40,4,0,27
CTX201100541,2165,0,46,6,0,18
CTX201100541,2166,0,40,4,0,6
CTX201100541,2167,0,41,6,0,5
CTX201100541,2168,0,40,4,0,28
CTX201100541,2169,0,47,6,0,20
CTX201100541,2170,0,40,4,0,30
CTX201100541,2171,0,49,6,0,10
CTX201100541,2172,0,40,4,0,27
CTX201100541,2173,0,45,8,0,16
CTX201100541,2174,0,40,4,0,27
CTX201100541,2175,0,46,7,0,16
CTX201100541,2176,0,40,4,0,27
CTX201100541,2177,0,47,6,0,17
CTX201100541,2178,0,40,4,0,27
CTX201100541,2179,0,47,6,0,17
CTX201100541,2180,0,40,4,0,27
CTX201100541,2181,0,46,6,0,17
CTX201100541,2182,0,40,4,0,27
CTX201100541,2183,0,43,5,0,8
CTX201100541,2184,0,40,4,0,29
CTX201100541,2185,0,45,8,0,25
CTX201100541,2186,0,40,4,0,6
CTX201100541,2187,0,48,6,0,23
CTX201100541,2188,0,40,4,0,27
CTX201100541,2189,1,47,6,0,22
CTX201100541,2190,0,40,4,0,27
CTX201100541,2191,0,46,7,0,18
CTX201100541,2192,0,40,4,0,27
CTX201100541,2193,0,48,8,0,12
CTX201100541,2194,0,41,4,0,23
CTX201100541,2195,0,48,8,0,22
CTX201100541,2196,0,40,4,0,27
CTX201100541,2197,0,44,6,0,4
CTX201100541,2198,0,40,4,0,27
CTX201100541,2199,0,43,4,0,5
CTX201100541,2200,0,40,4,0,27
CTX201100541,2201,0,43,4,0,4
CTX201100541,2202,0,40,4,0,27
CTX201100541,2203,0,46,6,0,5
CTX201100541,2204,0,40,4,0,27
CTX201100541,2205,0,45,6,0,22
CTX201100541,2206,0,40,4,0,28
CTX201100541,2207,0,44,4,0,5
CTX201100541,2208,0,40,4,0,27
CTX201100541,2209,0,46,4,0,6
CTX201100541,2210,0,40,4,0,27
CTX201100541,2211,0,45,5,0,6
CTX201100541,2212,0,40,4,0,27
CTX201100541,2213,0,43,5,0,4
CTX201100541,2214,0,40,4,0,27
CTX201100541,2215,0,46,7,0,17
CTX201100541,2216,0,40,4,0,27
CTX201100541,2217,0,44,8,0,20
CTX201100541,2218,0,41,4,0,30
CTX201100541,2219,0,45,5,0,8
CTX201100541,2220,0,20,1,0,4
CTX201100541,2221,0,46,6,0,18
CTX201100541,2222,0,40,5,0,6
CTX201100541,2223,0,41,6,0,5
CTX201100541,2224,0,40,5,0,22
CTX201100541,2225,0,42,6,0,5
CTX201100541,2226,0,40,4,0,28
CTX201100541,2227,0,41,7,0,4
CTX201100541,2228,0,40,4,0,27
CTX201100541,2229,0,45,7,0,19
CTX201100541,2230,0,40,5,0,24
CTX201100541,2231,0,45,4,0,7
CTX201100541,2232,0,40,4,0,14
CTX201100541,2233,0,44,7,0,18
CTX201100541,2234,0,42,4,0,28
CTX201100541,2235,0,44,7,0,18
CTX201100541,2236,0,40,4,0,6
CTX201100541,2237,0,46,7,0,25
CTX201100541,2238,0,40,5,0,24
CTX201100541,2239,0,46,7,0,24
CTX201100541,2240,0,40,5,0,23
CTX201100541,2241,0,3,0,0,0
CTX201100541,2242,0,1,2,0,0
CTX201100541,2243,0,64,7,0,225
CTX201100541,2244,0,55,7,0,236
CTX201100541,2245,0,45,9,0,244
CTX201100541,2246,1,44,7,0,225
CTX201100541,2247,1,49,13,0,219
CTX201100541,2248,0,47,10,0,204
CTX201100541,2249,0,42,7,0,205
CTX201100541,2250,0,43,12,0,206
CTX201100541,2251,0,73,8,0,210
CTX201100541,2252,0,76,5,0,213
CTX201100541,2253,1,80,7,0,210
CTX201100541,2254,0,60,15,0,214
CTX201100541,2255,0,46,10,0,222
CTX201100541,2256,0,54,12,0,233
CTX201100541,2257,1,41,14,0,222
CTX201100541,2258,0,65,7,0,200
CTX201100541,2259,0,53,17,0,226
CTX201100541,2260,0,66,8,0,203
CTX201100541,2261,0,44,20,0,231
CTX201100541,2262,0,51,18,0,230
CTX201100541,2263,0,63,7,0,215
CTX201100541,2264,0,76,7,0,214
CTX201100541,2265,0,49,12,0,230
CTX201100541,2266,0,46,10,0,234
CTX201100541,2267,0,54,9,0,226
CTX201100541,2268,0,43,15,0,217
CTX201100541,2269,0,47,17,0,231
CTX201100541,2270,0,40,13,0,236
CTX201100541,2271,0,42,8,0,237
CTX201100541,2272,0,65,8,0,241
CTX201100541,2273,0,50,10,0,242
CTX201100541,2274,1,61,15,0,199
CTX201100541,2275,7,42,11,0,206
CTX201100541,2276,13,46,12,0,210
CTX201100541,2277,2,55,11,0,229
CTX201100541,2278,7,42,9,0,229
CTX201100541,2279,1,46,11,0,216
CTX201100541,2280,9,40,13,0,211
CTX201100541,2281,4,40,14,0,219
CTX201100541,2282,0,61,11,0,199
CTX201100541,2283,2,50,24,0,210
CTX201100541,2284,3,43,14,0,243
CTX201100541,2285,0,54,16,0,207
CTX201100541,2286,3,40,13,0,209
CTX201100541,2287,2,37,14,0,211
CTX201100541,2288,3,47,20,0,212
CTX201100541,2289,3,44,13,0,209
CTX201100541,2290,2,53,16,0,192
CTX201100541,2291,4,38,16,0,204
CTX201100541,2292,6,40,14,0,204
CTX201100541,2293,3,40,16,0,201
CTX201100541,2294,1,40,18,0,219
CTX201100541,2295,1,56,7,0,204
CTX201100541,2296,0,58,7,0,216
CTX201100541,2297,1,55,11,0,210
CTX201100541,2298,2,63,6,0,190
CTX201100541,2299,0,53,8,0,222
CTX201100541,2300,0,41,6,0,239
CTX201100541,2301,1,42,13,0,232
CTX201100541,2302,1,41,12,0,218
CTX201100541,2303,0,43,13,0,232
CTX201100541,2304,0,40,13,0,235
CTX201100541,2305,0,52,16,0,242
CTX201100541,2306,1,55,42,0,218
CTX201100541,2307,0,21,26,0,105
